date,state,crop_price,rainfall,temperature,drought_index,yield_index,production_cost_index,regime
2022-01-01,MT,129.17,149.2,23.5,0.096,0.896,1.071,normal
2022-02-01,MT,118.67,139.8,26.5,0.051,0.971,1.032,normal
2022-03-01,MT,133.11,151.4,19.3,0.146,0.875,1.05,normal
2022-04-01,MT,120.16,144.7,22.9,0.225,0.99,0.931,normal
2022-05-01,MT,119.29,153.6,28.0,0.169,1.079,1.05,normal
2022-06-01,MT,118.31,105.4,29.9,0.297,1.011,0.976,normal
2022-07-01,MT,114.33,211.8,20.0,0.119,0.883,0.958,normal
2022-08-01,MT,132.96,198.4,30.3,0.295,1.015,0.97,normal
2022-09-01,MT,127.9,94.8,32.4,0.084,1.039,1.033,normal
2022-10-01,MT,121.4,169.9,28.1,0.191,1.01,0.945,normal
2022-11-01,MT,131.64,124.6,30.1,0.086,0.897,1.075,normal
2022-12-01,MT,127.72,124.0,18.1,0.249,1.047,1.037,normal
2023-01-01,MT,119.36,75.7,27.3,0.125,0.907,0.906,normal
2023-02-01,MT,111.16,95.9,27.8,0.151,1.021,0.982,normal
2023-03-01,MT,124.39,63.7,27.8,0.05,1.055,1.09,normal
2023-04-01,MT,118.65,63.6,27.6,0.237,1.003,0.939,normal
2023-05-01,MT,115.01,206.1,25.3,0.217,0.992,1.043,normal
2023-06-01,MT,109.96,92.0,20.1,0.019,1.023,0.992,normal
2023-07-01,MT,113.5,169.4,25.1,0.073,0.988,1.028,normal
2023-08-01,MT,131.26,188.6,31.4,0.262,0.923,1.044,normal
2023-09-01,MT,119.07,71.2,30.0,0.205,1.006,0.994,normal
2023-10-01,MT,130.64,121.7,30.5,0.287,1.011,1.043,normal
2023-11-01,MT,119.85,157.1,33.8,0.214,1.098,0.912,normal
2023-12-01,MT,110.17,189.9,31.3,0.218,0.97,1.085,normal
2024-01-01,MT,97.06,104.4,25.0,0.652,0.828,1.209,stress_agricola
2024-02-01,MT,90.07,114.1,23.9,0.55,0.692,1.146,stress_agricola
2024-03-01,MT,101.92,111.1,25.3,0.651,0.808,1.114,stress_agricola
2024-04-01,MT,97.09,85.8,22.1,0.388,0.669,1.155,stress_agricola
2024-05-01,MT,107.72,97.6,29.4,0.535,0.765,1.105,stress_agricola
2024-06-01,MT,108.78,55.1,30.9,0.384,0.831,1.094,stress_agricola
2024-07-01,MT,118.04,153.3,20.4,0.004,1.003,1.074,stress_macro
2024-08-01,MT,132.8,142.7,25.6,0.27,1.043,1.017,stress_macro
2024-09-01,MT,131.68,140.2,26.4,0.113,1.045,1.074,stress_macro
2024-10-01,MT,125.44,137.1,25.7,0.114,0.869,0.945,stress_macro
2024-11-01,MT,126.89,93.0,20.4,0.183,0.886,0.939,stress_macro
2024-12-01,MT,109.5,139.8,27.1,0.192,1.074,1.064,stress_macro
2025-01-01,MT,97.51,120.9,32.4,0.713,0.645,1.179,stress_combinado
2025-02-01,MT,101.28,67.2,33.4,0.643,0.655,1.219,stress_combinado
2025-03-01,MT,102.46,64.4,30.8,0.498,0.83,1.088,stress_combinado
2025-04-01,MT,97.96,140.9,22.3,0.564,0.803,1.246,stress_combinado
2025-05-01,MT,96.75,70.5,21.3,0.55,0.745,1.058,stress_combinado
2025-06-01,MT,100.71,121.2,19.2,0.561,0.745,1.058,stress_combinado
2025-07-01,MT,131.17,108.0,18.2,0.129,1.066,0.989,normal
2025-08-01,MT,127.54,162.8,27.4,0.19,1.148,0.95,normal
2025-09-01,MT,117.18,125.1,22.3,0.189,0.995,0.957,normal
2025-10-01,MT,117.49,163.2,22.2,0.16,1.053,1.001,normal
2025-11-01,MT,113.63,160.1,19.8,0.227,0.852,1.079,normal
2025-12-01,MT,127.66,141.5,25.9,0.054,1.052,0.919,normal
2026-01-01,MT,129.17,197.9,23.5,0.206,0.908,0.922,normal
2026-02-01,MT,127.81,97.1,22.9,0.092,0.992,1.037,normal
2026-03-01,MT,117.06,208.4,21.4,0.202,0.908,0.979,normal
2026-04-01,MT,117.11,87.5,20.5,0.199,1.005,0.995,normal
2026-05-01,MT,114.76,155.2,24.7,0.218,0.929,1.087,normal
2026-06-01,MT,126.84,193.5,23.9,0.092,1.099,0.963,normal
2026-07-01,MT,109.34,109.3,27.0,0.229,1.132,0.911,normal
2026-08-01,MT,120.29,125.4,28.3,0.042,0.932,1.064,normal
2026-09-01,MT,129.41,92.4,28.6,0.077,0.857,0.985,normal
2026-10-01,MT,128.56,121.2,26.9,0.222,1.035,0.988,normal
2026-11-01,MT,126.75,103.8,19.2,0.048,1.132,1.019,normal
2026-12-01,MT,118.67,212.3,33.1,0.234,1.138,1.041,normal
2022-01-01,GO,79.71,217.9,27.4,0.018,0.953,1.008,normal
2022-02-01,GO,94.14,130.1,22.5,0.142,0.872,1.095,normal
2022-03-01,GO,89.05,177.2,31.2,0.262,1.022,1.012,normal
2022-04-01,GO,90.29,130.1,23.2,0.164,1.017,1.063,normal
2022-05-01,GO,93.96,170.3,20.2,0.231,1.06,1.048,normal
2022-06-01,GO,91.8,213.2,23.8,0.232,0.914,0.964,normal
2022-07-01,GO,95.72,96.4,23.8,0.06,0.928,1.021,normal
2022-08-01,GO,86.21,209.2,20.2,0.193,1.092,1.06,normal
2022-09-01,GO,85.26,193.1,19.0,0.297,1.02,1.099,normal
2022-10-01,GO,88.16,213.6,32.0,0.098,0.935,0.967,normal
2022-11-01,GO,88.5,70.7,19.2,0.028,0.884,0.932,normal
2022-12-01,GO,86.92,142.2,31.6,0.172,1.045,0.938,normal
2023-01-01,GO,86.88,71.7,28.9,0.245,1.117,1.099,normal
2023-02-01,GO,88.79,84.4,23.3,0.055,0.986,1.056,normal
2023-03-01,GO,85.75,178.3,33.2,0.267,0.938,1.025,normal
2023-04-01,GO,81.36,122.4,18.1,0.097,1.107,1.017,normal
2023-05-01,GO,82.23,182.8,26.5,0.196,1.096,1.085,normal
2023-06-01,GO,82.03,202.9,29.4,0.173,0.894,0.962,normal
2023-07-01,GO,79.42,76.1,26.5,0.283,0.888,0.97,normal
2023-08-01,GO,90.24,71.1,31.9,0.279,0.911,0.933,normal
2023-09-01,GO,92.24,218.6,21.7,0.276,0.858,1.076,normal
2023-10-01,GO,79.17,211.1,20.0,0.284,1.11,1.071,normal
2023-11-01,GO,82.2,93.4,18.8,0.132,1.081,1.018,normal
2023-12-01,GO,88.85,79.9,33.5,0.152,1.005,0.933,normal
2024-01-01,GO,64.91,60.8,33.1,0.564,0.861,1.13,stress_agricola
2024-02-01,GO,85.19,91.7,25.6,0.537,0.641,1.122,stress_agricola
2024-03-01,GO,68.3,49.4,23.8,0.439,0.85,1.185,stress_agricola
2024-04-01,GO,59.79,106.6,31.0,0.742,0.854,1.203,stress_agricola
2024-05-01,GO,73.7,127.1,20.8,0.311,0.669,1.143,stress_agricola
2024-06-01,GO,74.12,60.8,29.8,0.423,0.823,1.131,stress_agricola
2024-07-01,GO,85.12,84.2,31.0,0.201,1.127,1.057,stress_macro
2024-08-01,GO,85.26,64.8,21.3,0.121,1.102,1.024,stress_macro
2024-09-01,GO,86.96,64.6,18.4,0.009,1.07,0.929,stress_macro
2024-10-01,GO,91.37,125.2,26.6,0.229,0.901,0.92,stress_macro
2024-11-01,GO,79.89,115.8,21.6,0.126,1.141,0.993,stress_macro
2024-12-01,GO,93.72,126.4,32.4,0.132,1.093,0.9,stress_macro
2025-01-01,GO,64.5,88.5,32.4,0.511,0.759,1.255,stress_combinado
2025-02-01,GO,68.7,90.3,31.3,0.5,0.753,1.22,stress_combinado
2025-03-01,GO,71.16,116.3,29.5,0.531,0.694,1.093,stress_combinado
2025-04-01,GO,70.15,112.9,25.4,0.657,0.86,1.096,stress_combinado
2025-05-01,GO,81.36,78.0,20.3,0.647,0.806,1.219,stress_combinado
2025-06-01,GO,76.74,140.9,18.2,0.493,0.691,1.126,stress_combinado
2025-07-01,GO,95.71,197.2,21.0,0.261,0.972,1.099,normal
2025-08-01,GO,91.76,132.5,22.2,0.132,1.047,1.003,normal
2025-09-01,GO,84.69,114.0,33.9,0.056,1.112,1.054,normal
2025-10-01,GO,92.08,133.0,19.5,0.257,0.929,1.056,normal
2025-11-01,GO,80.38,128.2,18.4,0.163,1.143,1.066,normal
2025-12-01,GO,84.81,79.2,29.4,0.038,0.986,1.011,normal
2026-01-01,GO,81.92,210.3,33.5,0.292,1.096,1.077,normal
2026-02-01,GO,92.3,141.7,20.3,0.204,0.91,1.049,normal
2026-03-01,GO,88.01,144.1,30.5,0.169,0.864,1.007,normal
2026-04-01,GO,81.65,146.3,29.1,0.299,0.898,1.036,normal
2026-05-01,GO,95.01,161.6,31.7,0.068,1.065,1.008,normal
2026-06-01,GO,79.58,212.8,24.8,0.061,1.141,0.98,normal
2026-07-01,GO,87.07,122.4,26.3,0.126,0.947,1.044,normal
2026-08-01,GO,90.42,108.0,19.2,0.213,0.913,1.047,normal
2026-09-01,GO,81.18,155.0,19.1,0.227,0.994,0.932,normal
2026-10-01,GO,85.57,215.5,33.6,0.294,0.898,0.984,normal
2026-11-01,GO,82.69,154.6,22.0,0.105,1.135,0.928,normal
2026-12-01,GO,90.49,124.2,29.6,0.176,0.912,0.928,normal
2022-01-01,RS,91.76,112.4,28.2,0.156,1.081,1.02,normal
2022-02-01,RS,92.07,97.1,25.0,0.247,1.033,0.931,normal
2022-03-01,RS,98.17,200.8,30.1,0.216,1.135,0.908,normal
2022-04-01,RS,89.97,194.1,22.1,0.188,0.901,1.042,normal
2022-05-01,RS,91.74,198.5,25.8,0.087,0.877,1.046,normal
2022-06-01,RS,97.71,213.6,31.8,0.072,0.998,1.04,normal
2022-07-01,RS,96.25,129.2,18.9,0.032,1.103,1.046,normal
2022-08-01,RS,94.37,204.8,28.2,0.099,0.925,0.971,normal
2022-09-01,RS,92.89,62.1,29.4,0.146,0.916,0.987,normal
2022-10-01,RS,91.1,102.5,34.0,0.248,1.032,1.013,normal
2022-11-01,RS,82.96,157.1,31.9,0.2,0.882,1.068,normal
2022-12-01,RS,99.84,162.8,19.6,0.028,0.922,1.016,normal
2023-01-01,RS,95.31,173.5,27.7,0.245,0.862,1.029,normal
2023-02-01,RS,82.87,130.4,25.4,0.259,0.97,1.061,normal
2023-03-01,RS,86.13,179.1,24.9,0.272,0.904,1.026,normal
2023-04-01,RS,82.71,112.6,22.7,0.124,0.987,1.078,normal
2023-05-01,RS,99.82,117.4,28.9,0.106,0.933,1.057,normal
2023-06-01,RS,96.23,111.9,29.2,0.19,0.898,1.012,normal
2023-07-01,RS,95.95,198.2,28.4,0.222,1.084,0.934,normal
2023-08-01,RS,92.02,140.0,19.4,0.106,1.092,1.093,normal
2023-09-01,RS,83.84,110.6,22.9,0.274,0.972,1.024,normal
2023-10-01,RS,97.82,162.3,30.1,0.061,0.996,0.967,normal
2023-11-01,RS,85.27,130.0,23.8,0.048,0.855,0.938,normal
2023-12-01,RS,87.6,109.7,26.1,0.193,1.018,0.936,normal
2024-01-01,RS,73.47,103.3,19.2,0.498,0.843,1.188,stress_agricola
2024-02-01,RS,77.61,74.4,23.7,0.515,0.828,1.204,stress_agricola
2024-03-01,RS,77.57,102.8,33.5,0.428,0.823,1.092,stress_agricola
2024-04-01,RS,66.52,41.7,21.6,0.671,0.834,1.136,stress_agricola
2024-05-01,RS,70.89,69.9,33.4,0.757,0.736,1.163,stress_agricola
2024-06-01,RS,80.6,58.4,26.3,0.472,0.841,1.124,stress_agricola
2024-07-01,RS,88.85,118.2,30.8,0.129,1.128,0.947,stress_macro
2024-08-01,RS,88.06,146.5,19.2,0.208,1.098,1.04,stress_macro
2024-09-01,RS,98.95,187.3,27.3,0.029,1.146,1.042,stress_macro
2024-10-01,RS,86.35,145.7,19.7,0.248,0.955,1.04,stress_macro
2024-11-01,RS,87.1,216.2,31.1,0.067,1.101,0.992,stress_macro
2024-12-01,RS,100.38,130.1,27.5,0.019,0.857,0.99,stress_macro
2025-01-01,RS,75.25,106.6,32.3,0.634,0.652,1.117,stress_combinado
2025-02-01,RS,75.36,65.2,32.3,0.335,0.734,1.211,stress_combinado
2025-03-01,RS,71.17,107.8,23.0,0.611,0.69,1.219,stress_combinado
2025-04-01,RS,82.09,118.7,33.7,0.627,0.856,1.047,stress_combinado
2025-05-01,RS,77.72,119.6,19.1,0.515,0.674,1.08,stress_combinado
2025-06-01,RS,80.37,141.9,31.4,0.328,0.801,1.111,stress_combinado
2025-07-01,RS,89.15,172.1,29.0,0.241,0.992,1.069,normal
2025-08-01,RS,90.05,89.3,23.0,0.053,0.926,0.918,normal
2025-09-01,RS,94.01,101.7,21.2,0.105,0.874,0.99,normal
2025-10-01,RS,83.3,75.0,22.1,0.264,1.017,1.037,normal
2025-11-01,RS,82.42,75.3,18.0,0.296,0.948,0.961,normal
2025-12-01,RS,83.46,188.0,27.1,0.112,0.902,1.027,normal
2026-01-01,RS,83.96,139.7,26.6,0.293,1.055,0.931,normal
2026-02-01,RS,97.64,119.9,20.8,0.132,1.082,1.001,normal
2026-03-01,RS,99.27,190.3,25.1,0.187,1.116,1.059,normal
2026-04-01,RS,84.16,79.2,32.9,0.281,1.055,1.018,normal
2026-05-01,RS,85.02,86.8,19.6,0.058,1.034,0.967,normal
2026-06-01,RS,96.51,132.7,28.5,0.25,1.133,1.034,normal
2026-07-01,RS,99.73,70.5,21.9,0.042,0.997,1.059,normal
2026-08-01,RS,90.96,66.7,18.9,0.295,1.103,1.032,normal
2026-09-01,RS,83.85,180.7,27.5,0.254,1.046,1.082,normal
2026-10-01,RS,96.01,150.1,29.2,0.157,1.043,0.957,normal
2026-11-01,RS,93.63,81.7,30.2,0.088,0.971,0.975,normal
2026-12-01,RS,91.03,138.5,25.9,0.096,0.967,1.0,normal
2022-01-01,PR,179.08,106.0,28.9,0.017,0.906,0.918,normal
2022-02-01,PR,156.98,202.7,30.0,0.171,0.944,0.91,normal
2022-03-01,PR,162.97,64.5,33.5,0.115,1.011,1.065,normal
2022-04-01,PR,179.68,169.5,24.9,0.153,1.003,1.036,normal
2022-05-01,PR,157.4,67.2,21.4,0.137,0.916,0.964,normal
2022-06-01,PR,171.75,174.2,25.9,0.171,0.864,0.976,normal
2022-07-01,PR,181.54,204.1,19.9,0.087,1.048,1.083,normal
2022-08-01,PR,158.83,112.9,20.8,0.117,1.125,0.98,normal
2022-09-01,PR,159.83,84.9,27.6,0.187,1.127,1.036,normal
2022-10-01,PR,182.74,173.6,32.4,0.093,1.046,1.083,normal
2022-11-01,PR,163.83,125.5,18.2,0.247,1.103,0.938,normal
2022-12-01,PR,174.42,184.7,22.1,0.003,0.863,1.053,normal
2023-01-01,PR,155.0,80.6,29.0,0.021,0.898,1.058,normal
2023-02-01,PR,176.02,70.6,26.6,0.05,1.137,1.043,normal
2023-03-01,PR,179.9,171.2,22.6,0.086,0.928,1.052,normal
2023-04-01,PR,154.06,123.2,32.2,0.061,1.104,0.94,normal
2023-05-01,PR,154.9,142.9,18.6,0.144,0.861,0.978,normal
2023-06-01,PR,165.8,73.4,29.1,0.02,0.961,1.048,normal
2023-07-01,PR,168.08,130.7,30.3,0.199,1.142,1.054,normal
2023-08-01,PR,156.29,176.0,18.7,0.004,1.108,0.95,normal
2023-09-01,PR,153.05,88.1,25.4,0.27,0.964,1.089,normal
2023-10-01,PR,162.44,140.9,21.6,0.188,1.066,0.905,normal
2023-11-01,PR,160.83,130.5,31.5,0.18,0.898,1.009,normal
2023-12-01,PR,168.56,110.8,19.8,0.02,0.855,1.044,normal
2024-01-01,PR,137.67,114.3,23.1,0.312,0.791,1.036,stress_agricola
2024-02-01,PR,154.42,79.3,27.1,0.561,0.645,1.16,stress_agricola
2024-03-01,PR,143.46,88.5,27.1,0.463,0.725,1.244,stress_agricola
2024-04-01,PR,131.06,65.0,33.7,0.667,0.84,1.139,stress_agricola
2024-05-01,PR,133.79,68.8,29.7,0.737,0.695,1.072,stress_agricola
2024-06-01,PR,152.52,70.2,18.7,0.448,0.829,1.262,stress_agricola
2024-07-01,PR,166.63,93.3,24.5,0.265,0.986,1.09,stress_macro
2024-08-01,PR,155.63,134.2,23.4,0.2,1.009,0.949,stress_macro
2024-09-01,PR,175.66,174.0,27.1,0.284,1.085,0.973,stress_macro
2024-10-01,PR,163.75,134.1,31.8,0.238,0.942,0.979,stress_macro
2024-11-01,PR,181.55,135.2,26.7,0.136,1.137,1.074,stress_macro
2024-12-01,PR,181.05,125.9,21.2,0.101,1.048,1.087,stress_macro
2025-01-01,PR,134.71,83.9,33.1,0.504,0.765,1.075,stress_combinado
2025-02-01,PR,153.27,119.0,28.3,0.522,0.671,1.108,stress_combinado
2025-03-01,PR,135.18,118.3,25.8,0.49,0.757,1.179,stress_combinado
2025-04-01,PR,144.92,45.8,18.3,0.762,0.712,1.056,stress_combinado
2025-05-01,PR,125.31,116.3,33.3,0.573,0.778,1.108,stress_combinado
2025-06-01,PR,136.75,74.2,20.8,0.424,0.673,1.238,stress_combinado
2025-07-01,PR,172.28,205.6,24.6,0.168,1.06,0.956,normal
2025-08-01,PR,182.92,195.7,22.0,0.034,1.123,0.919,normal
2025-09-01,PR,167.18,66.3,32.1,0.142,1.08,1.017,normal
2025-10-01,PR,170.37,218.0,23.8,0.132,0.984,0.904,normal
2025-11-01,PR,162.57,138.7,28.7,0.103,0.876,0.974,normal
2025-12-01,PR,181.95,88.4,28.0,0.203,0.883,1.087,normal
2026-01-01,PR,160.98,213.7,21.2,0.19,1.088,1.057,normal
2026-02-01,PR,172.05,116.8,33.7,0.148,1.027,1.098,normal
2026-03-01,PR,184.15,118.4,22.0,0.154,1.121,0.905,normal
2026-04-01,PR,174.69,111.0,20.7,0.195,0.929,1.099,normal
2026-05-01,PR,173.22,114.0,22.4,0.299,1.048,0.967,normal
2026-06-01,PR,151.52,65.0,32.0,0.278,1.022,0.961,normal
2026-07-01,PR,174.51,91.9,25.5,0.117,0.931,0.975,normal
2026-08-01,PR,165.42,118.7,26.2,0.298,1.062,0.926,normal
2026-09-01,PR,160.62,115.4,22.2,0.058,0.875,0.99,normal
2026-10-01,PR,180.1,167.5,30.9,0.274,1.119,0.905,normal
2026-11-01,PR,157.11,80.6,30.2,0.073,0.869,1.014,normal
2026-12-01,PR,175.45,97.9,19.4,0.023,1.071,0.968,normal
2022-01-01,MS,203.82,71.3,27.3,0.29,1.039,0.966,normal
2022-02-01,MS,172.87,166.4,27.8,0.017,1.125,1.085,normal
2022-03-01,MS,183.84,89.7,29.5,0.027,1.056,0.942,normal
2022-04-01,MS,174.88,174.7,24.2,0.188,1.095,1.042,normal
2022-05-01,MS,194.97,139.2,29.3,0.141,1.028,1.072,normal
2022-06-01,MS,204.01,130.8,26.1,0.024,0.929,1.076,normal
2022-07-01,MS,196.09,152.1,21.0,0.037,0.906,1.07,normal
2022-08-01,MS,198.86,181.0,21.6,0.118,0.939,0.982,normal
2022-09-01,MS,180.55,162.5,21.5,0.075,0.922,0.901,normal
2022-10-01,MS,173.71,202.5,28.9,0.084,0.868,0.999,normal
2022-11-01,MS,183.73,204.4,19.0,0.227,1.052,1.08,normal
2022-12-01,MS,179.57,131.3,33.6,0.202,1.081,1.083,normal
2023-01-01,MS,188.92,171.7,27.7,0.288,1.068,0.964,normal
2023-02-01,MS,178.89,117.3,31.0,0.111,0.997,1.009,normal
2023-03-01,MS,193.45,179.2,21.6,0.051,0.973,1.076,normal
2023-04-01,MS,182.73,111.9,30.7,0.284,1.111,0.993,normal
2023-05-01,MS,203.09,84.4,29.8,0.116,1.112,1.058,normal
2023-06-01,MS,181.33,121.0,31.9,0.045,0.98,1.063,normal
2023-07-01,MS,175.79,204.9,20.4,0.284,0.855,0.994,normal
2023-08-01,MS,173.6,103.3,21.2,0.149,1.099,1.071,normal
2023-09-01,MS,186.3,104.4,21.0,0.182,0.981,1.07,normal
2023-10-01,MS,171.65,138.0,28.7,0.106,1.136,1.041,normal
2023-11-01,MS,186.12,157.3,20.3,0.156,0.915,0.998,normal
2023-12-01,MS,179.28,213.1,28.1,0.102,1.036,1.022,normal
2024-01-01,MS,149.11,101.3,26.5,0.515,0.792,1.064,stress_agricola
2024-02-01,MS,171.47,40.8,23.9,0.554,0.792,1.244,stress_agricola
2024-03-01,MS,161.43,132.8,25.6,0.565,0.816,1.196,stress_agricola
2024-04-01,MS,161.97,120.3,27.2,0.623,0.775,1.222,stress_agricola
2024-05-01,MS,149.15,131.6,23.0,0.67,0.671,1.109,stress_agricola
2024-06-01,MS,145.82,132.6,33.2,0.672,0.725,1.079,stress_agricola
2024-07-01,MS,176.03,118.2,30.4,0.142,0.851,0.971,stress_macro
2024-08-01,MS,203.36,159.3,27.0,0.235,0.995,0.963,stress_macro
2024-09-01,MS,174.72,201.3,21.2,0.243,1.127,1.021,stress_macro
2024-10-01,MS,187.21,107.3,19.0,0.265,1.001,0.95,stress_macro
2024-11-01,MS,178.82,120.2,29.2,0.256,0.911,0.959,stress_macro
2024-12-01,MS,181.44,64.6,28.3,0.126,1.083,1.099,stress_macro
2025-01-01,MS,143.66,85.5,24.1,0.438,0.708,1.25,stress_combinado
2025-02-01,MS,147.66,102.1,22.6,0.541,0.641,1.047,stress_combinado
2025-03-01,MS,142.0,53.7,31.3,0.448,0.735,1.109,stress_combinado
2025-04-01,MS,167.89,118.1,28.3,0.542,0.646,1.153,stress_combinado
2025-05-01,MS,137.91,90.7,32.8,0.36,0.674,1.199,stress_combinado
2025-06-01,MS,147.9,76.1,19.3,0.486,0.728,1.049,stress_combinado
2025-07-01,MS,175.43,171.1,26.8,0.027,0.898,1.053,normal
2025-08-01,MS,193.18,199.0,21.6,0.017,0.857,1.029,normal
2025-09-01,MS,195.97,171.6,25.7,0.013,1.135,1.091,normal
2025-10-01,MS,191.34,82.0,23.1,0.116,0.969,1.002,normal
2025-11-01,MS,183.17,106.3,18.4,0.214,0.87,0.94,normal
2025-12-01,MS,180.72,65.8,21.7,0.147,0.874,1.076,normal
2026-01-01,MS,173.38,141.5,31.3,0.119,0.852,1.026,normal
2026-02-01,MS,182.18,159.6,22.3,0.112,1.1,1.051,normal
2026-03-01,MS,182.34,101.0,21.1,0.269,1.045,0.99,normal
2026-04-01,MS,196.4,131.3,33.5,0.202,0.911,0.923,normal
2026-05-01,MS,175.36,122.0,19.7,0.28,1.078,1.047,normal
2026-06-01,MS,189.81,107.8,29.0,0.064,0.941,0.993,normal
2026-07-01,MS,199.14,163.7,21.7,0.267,0.915,0.905,normal
2026-08-01,MS,175.39,62.0,31.3,0.258,1.134,0.978,normal
2026-09-01,MS,173.86,112.4,33.7,0.181,0.998,1.012,normal
2026-10-01,MS,176.96,105.7,33.8,0.257,1.035,1.077,normal
2026-11-01,MS,202.99,196.4,27.9,0.257,1.129,0.961,normal
2026-12-01,MS,169.7,121.0,27.1,0.048,0.915,0.938,normal
2022-01-01,BA,102.64,200.2,19.2,0.125,1.081,1.08,normal
2022-02-01,BA,122.27,108.3,22.2,0.279,1.09,0.941,normal
2022-03-01,BA,102.82,207.1,29.9,0.205,1.129,0.995,normal
2022-04-01,BA,121.87,62.3,19.4,0.07,1.024,1.011,normal
2022-05-01,BA,118.73,103.2,29.2,0.144,0.896,0.913,normal
2022-06-01,BA,120.97,168.5,18.5,0.149,0.974,1.095,normal
2022-07-01,BA,119.59,152.3,18.7,0.019,0.934,0.956,normal
2022-08-01,BA,108.3,136.7,30.8,0.007,1.112,0.947,normal
2022-09-01,BA,121.95,131.7,18.0,0.195,1.101,0.987,normal
2022-10-01,BA,121.38,212.3,25.8,0.069,0.864,0.973,normal
2022-11-01,BA,105.85,155.7,25.3,0.142,1.048,0.974,normal
2022-12-01,BA,110.0,148.2,20.3,0.221,0.902,0.98,normal
2023-01-01,BA,120.61,134.8,23.6,0.088,1.075,0.999,normal
2023-02-01,BA,115.79,146.8,23.8,0.13,1.115,0.967,normal
2023-03-01,BA,121.69,117.4,25.5,0.226,0.899,0.909,normal
2023-04-01,BA,115.72,141.0,31.8,0.188,1.012,1.066,normal
2023-05-01,BA,120.65,85.5,30.8,0.042,0.912,1.039,normal
2023-06-01,BA,113.51,73.1,24.7,0.034,0.863,0.921,normal
2023-07-01,BA,105.87,60.6,33.0,0.199,0.918,1.042,normal
2023-08-01,BA,120.21,113.6,19.9,0.22,1.015,0.979,normal
2023-09-01,BA,119.14,165.1,24.3,0.173,1.056,1.098,normal
2023-10-01,BA,117.88,96.1,28.3,0.047,1.076,1.043,normal
2023-11-01,BA,113.37,202.9,33.5,0.24,1.125,1.039,normal
2023-12-01,BA,106.88,109.0,30.1,0.091,1.041,1.09,normal
2024-01-01,BA,87.37,58.9,18.3,0.402,0.824,1.192,stress_agricola
2024-02-01,BA,81.44,51.4,33.1,0.573,0.772,1.114,stress_agricola
2024-03-01,BA,92.79,103.4,32.7,0.591,0.79,1.26,stress_agricola
2024-04-01,BA,105.16,65.6,25.6,0.657,0.811,1.132,stress_agricola
2024-05-01,BA,87.25,137.7,29.0,0.616,0.854,1.21,stress_agricola
2024-06-01,BA,97.88,48.6,21.9,0.617,0.659,1.122,stress_agricola
2024-07-01,BA,118.11,135.1,23.2,0.166,0.985,1.023,stress_macro
2024-08-01,BA,117.45,75.2,28.9,0.178,0.858,1.001,stress_macro
2024-09-01,BA,114.95,71.1,20.9,0.082,1.09,1.007,stress_macro
2024-10-01,BA,113.85,175.9,22.1,0.035,0.902,0.99,stress_macro
2024-11-01,BA,111.81,196.6,18.6,0.18,1.056,1.094,stress_macro
2024-12-01,BA,110.92,72.3,25.7,0.075,1.073,1.031,stress_macro
2025-01-01,BA,91.88,57.4,24.0,0.489,0.832,1.169,stress_combinado
2025-02-01,BA,79.77,123.1,33.2,0.456,0.667,1.26,stress_combinado
2025-03-01,BA,96.08,90.6,30.7,0.538,0.839,1.12,stress_combinado
2025-04-01,BA,85.11,42.5,25.0,0.644,0.657,1.237,stress_combinado
2025-05-01,BA,82.04,91.7,21.9,0.616,0.643,1.055,stress_combinado
2025-06-01,BA,86.69,107.6,26.7,0.584,0.856,1.186,stress_combinado
2025-07-01,BA,119.07,66.4,21.2,0.09,0.967,0.974,normal
2025-08-01,BA,108.16,141.6,18.2,0.157,1.009,0.961,normal
2025-09-01,BA,113.03,189.8,23.1,0.073,0.914,1.033,normal
2025-10-01,BA,114.68,136.5,21.4,0.052,1.038,1.072,normal
2025-11-01,BA,105.43,71.3,28.7,0.257,1.078,0.996,normal
2025-12-01,BA,116.36,218.4,19.2,0.049,0.974,1.025,normal
2026-01-01,BA,119.2,210.0,31.2,0.122,0.863,0.964,normal
2026-02-01,BA,110.61,123.1,21.1,0.218,0.985,1.067,normal
2026-03-01,BA,123.67,96.0,32.5,0.144,1.003,0.981,normal
2026-04-01,BA,113.96,199.5,28.2,0.072,0.999,0.915,normal
2026-05-01,BA,118.12,156.0,24.7,0.169,1.083,1.055,normal
2026-06-01,BA,116.88,66.4,22.4,0.084,1.146,0.968,normal
2026-07-01,BA,121.54,193.8,27.7,0.276,0.991,0.998,normal
2026-08-01,BA,114.84,181.2,31.4,0.177,1.055,1.02,normal
2026-09-01,BA,117.82,185.7,20.2,0.101,1.143,1.007,normal
2026-10-01,BA,123.33,158.6,19.0,0.189,1.112,1.019,normal
2026-11-01,BA,107.56,96.5,32.8,0.097,0.907,1.094,normal
2026-12-01,BA,108.45,90.7,23.4,0.203,1.029,1.034,normal
2022-01-01,MG,81.2,158.1,30.6,0.241,0.907,1.037,normal
2022-02-01,MG,77.67,174.0,26.8,0.061,1.006,0.923,normal
2022-03-01,MG,79.79,175.6,22.7,0.074,1.04,0.967,normal
2022-04-01,MG,76.56,202.0,31.0,0.112,1.065,1.086,normal
2022-05-01,MG,71.56,133.5,23.5,0.076,0.887,0.975,normal
2022-06-01,MG,83.14,148.1,24.3,0.02,0.926,0.999,normal
2022-07-01,MG,78.43,209.6,26.8,0.246,0.976,0.953,normal
2022-08-01,MG,72.12,217.1,28.0,0.147,0.981,0.963,normal
2022-09-01,MG,85.99,82.4,20.0,0.228,0.862,0.914,normal
2022-10-01,MG,71.93,77.2,26.6,0.038,1.073,0.985,normal
2022-11-01,MG,72.17,66.4,28.6,0.018,1.143,1.044,normal
2022-12-01,MG,79.88,105.5,21.9,0.066,1.076,1.086,normal
2023-01-01,MG,79.57,116.6,21.8,0.007,1.079,0.934,normal
2023-02-01,MG,70.7,214.6,24.1,0.163,0.898,1.014,normal
2023-03-01,MG,72.38,158.3,33.6,0.243,0.924,0.981,normal
2023-04-01,MG,84.79,98.7,27.8,0.268,0.934,0.901,normal
2023-05-01,MG,83.72,167.4,25.0,0.258,0.984,0.946,normal
2023-06-01,MG,72.78,195.6,24.5,0.133,1.116,1.07,normal
2023-07-01,MG,73.64,180.1,18.4,0.23,1.052,0.987,normal
2023-08-01,MG,78.37,200.0,23.5,0.006,0.966,0.988,normal
2023-09-01,MG,83.53,92.9,20.3,0.023,1.055,0.934,normal
2023-10-01,MG,74.72,124.6,21.5,0.106,1.064,1.08,normal
2023-11-01,MG,81.17,120.7,32.0,0.288,1.019,1.029,normal
2023-12-01,MG,79.37,70.4,29.4,0.007,0.958,0.904,normal
2024-01-01,MG,60.97,84.4,25.1,0.61,0.716,1.097,stress_agricola
2024-02-01,MG,63.38,55.4,21.5,0.483,0.757,1.08,stress_agricola
2024-03-01,MG,60.43,44.0,21.7,0.562,0.776,1.162,stress_agricola
2024-04-01,MG,59.87,65.5,20.4,0.424,0.833,1.078,stress_agricola
2024-05-01,MG,68.37,45.9,31.9,0.66,0.814,1.236,stress_agricola
2024-06-01,MG,55.64,69.0,25.5,0.548,0.641,1.256,stress_agricola
2024-07-01,MG,78.78,183.7,22.3,0.235,1.084,1.011,stress_macro
2024-08-01,MG,73.35,119.0,20.9,0.16,1.086,0.965,stress_macro
2024-09-01,MG,78.27,87.5,22.4,0.244,1.118,0.979,stress_macro
2024-10-01,MG,74.21,86.7,25.5,0.254,1.033,0.973,stress_macro
2024-11-01,MG,81.54,185.3,25.4,0.136,1.064,0.932,stress_macro
2024-12-01,MG,72.55,157.0,18.7,0.295,0.936,1.006,stress_macro
2025-01-01,MG,67.72,90.0,30.1,0.595,0.837,1.142,stress_combinado
2025-02-01,MG,67.46,120.8,27.2,0.585,0.694,1.25,stress_combinado
2025-03-01,MG,69.43,52.1,18.6,0.503,0.827,1.062,stress_combinado
2025-04-01,MG,67.17,70.1,18.4,0.596,0.686,1.213,stress_combinado
2025-05-01,MG,73.37,100.4,30.1,0.522,0.727,1.068,stress_combinado
2025-06-01,MG,59.99,65.3,24.4,0.706,0.684,1.065,stress_combinado
2025-07-01,MG,76.28,83.3,28.2,0.03,0.955,1.082,normal
2025-08-01,MG,75.03,201.9,32.0,0.023,1.096,1.01,normal
2025-09-01,MG,71.49,66.5,33.7,0.254,0.949,0.962,normal
2025-10-01,MG,82.08,141.1,18.2,0.03,1.018,0.912,normal
2025-11-01,MG,77.44,141.5,28.1,0.111,0.95,1.023,normal
2025-12-01,MG,82.97,115.5,23.2,0.11,1.026,1.077,normal
2026-01-01,MG,80.86,181.4,24.9,0.154,1.014,1.05,normal
2026-02-01,MG,83.33,141.0,34.0,0.046,0.949,1.043,normal
2026-03-01,MG,82.36,177.0,28.2,0.043,0.909,1.023,normal
2026-04-01,MG,70.62,104.1,21.5,0.013,0.89,0.984,normal
2026-05-01,MG,77.11,91.0,30.8,0.265,1.02,1.098,normal
2026-06-01,MG,71.01,93.7,33.9,0.049,1.068,1.057,normal
2026-07-01,MG,80.95,95.1,32.6,0.05,0.884,1.034,normal
2026-08-01,MG,76.25,189.9,23.5,0.218,0.991,1.091,normal
2026-09-01,MG,82.04,152.3,26.8,0.27,1.039,0.965,normal
2026-10-01,MG,78.57,84.9,28.9,0.215,0.934,1.019,normal
2026-11-01,MG,77.99,203.5,21.6,0.007,0.948,1.002,normal
2026-12-01,MG,85.33,139.8,29.6,0.121,0.94,1.073,normal
2022-01-01,SP,71.0,83.7,21.6,0.235,0.925,1.081,normal
2022-02-01,SP,64.82,208.2,29.2,0.152,0.97,1.013,normal
2022-03-01,SP,71.89,107.9,21.9,0.187,1.049,1.055,normal
2022-04-01,SP,65.08,208.2,18.9,0.122,0.974,1.096,normal
2022-05-01,SP,65.8,113.4,23.9,0.092,1.149,1.086,normal
2022-06-01,SP,62.48,123.4,21.4,0.129,0.923,1.061,normal
2022-07-01,SP,70.63,113.8,27.6,0.178,0.88,0.916,normal
2022-08-01,SP,71.21,178.0,20.4,0.129,1.13,1.059,normal
2022-09-01,SP,65.59,171.6,20.4,0.015,0.86,0.958,normal
2022-10-01,SP,68.61,195.0,28.9,0.275,1.05,0.918,normal
2022-11-01,SP,72.52,86.4,23.0,0.03,0.875,0.908,normal
2022-12-01,SP,71.21,60.0,32.8,0.237,1.097,0.998,normal
2023-01-01,SP,60.32,102.8,22.7,0.251,1.034,0.928,normal
2023-02-01,SP,69.62,134.0,31.6,0.047,1.004,0.999,normal
2023-03-01,SP,63.85,95.8,22.5,0.118,0.899,0.995,normal
2023-04-01,SP,68.0,132.4,33.2,0.092,1.094,0.984,normal
2023-05-01,SP,68.17,208.9,30.7,0.254,0.913,0.992,normal
2023-06-01,SP,70.92,172.5,18.6,0.018,0.894,1.1,normal
2023-07-01,SP,63.77,80.2,29.6,0.085,0.946,0.948,normal
2023-08-01,SP,68.19,137.1,24.6,0.279,1.051,1.046,normal
2023-09-01,SP,68.04,108.4,29.3,0.269,0.959,0.978,normal
2023-10-01,SP,69.98,115.2,18.8,0.252,0.967,1.063,normal
2023-11-01,SP,70.76,134.2,33.5,0.235,0.985,1.063,normal
2023-12-01,SP,72.02,179.2,29.3,0.198,1.075,1.074,normal
2024-01-01,SP,47.41,58.1,31.9,0.416,0.658,1.236,stress_agricola
2024-02-01,SP,47.37,53.6,26.2,0.456,0.683,1.077,stress_agricola
2024-03-01,SP,49.8,76.5,23.5,0.678,0.661,1.212,stress_agricola
2024-04-01,SP,58.02,54.4,28.9,0.663,0.699,1.125,stress_agricola
2024-05-01,SP,54.77,135.4,21.1,0.649,0.646,1.257,stress_agricola
2024-06-01,SP,52.13,142.7,25.3,0.398,0.77,1.257,stress_agricola
2024-07-01,SP,66.92,126.8,25.4,0.265,1.127,1.067,stress_macro
2024-08-01,SP,70.62,95.7,22.2,0.267,1.095,1.034,stress_macro
2024-09-01,SP,62.4,152.7,24.3,0.001,0.917,1.064,stress_macro
2024-10-01,SP,60.38,98.2,18.0,0.014,1.091,1.007,stress_macro
2024-11-01,SP,70.84,203.9,33.0,0.005,1.07,1.053,stress_macro
2024-12-01,SP,65.93,186.1,30.3,0.199,1.024,1.007,stress_macro
2025-01-01,SP,60.74,96.4,30.5,0.592,0.725,1.202,stress_combinado
2025-02-01,SP,53.83,40.5,24.9,0.585,0.745,1.058,stress_combinado
2025-03-01,SP,53.19,56.6,22.7,0.449,0.733,1.203,stress_combinado
2025-04-01,SP,60.39,69.0,34.0,0.532,0.655,1.071,stress_combinado
2025-05-01,SP,55.55,138.2,19.1,0.684,0.698,1.076,stress_combinado
2025-06-01,SP,53.12,91.0,31.4,0.617,0.746,1.176,stress_combinado
2025-07-01,SP,66.57,74.7,20.8,0.242,0.925,0.904,normal
2025-08-01,SP,60.52,206.2,30.9,0.238,0.869,0.929,normal
2025-09-01,SP,65.69,85.7,31.0,0.16,1.127,1.026,normal
2025-10-01,SP,65.08,64.8,31.7,0.238,1.092,1.055,normal
2025-11-01,SP,65.76,124.4,20.7,0.186,1.026,1.039,normal
2025-12-01,SP,71.7,216.2,29.9,0.25,1.084,1.011,normal
2026-01-01,SP,71.25,133.3,23.2,0.111,0.861,0.938,normal
2026-02-01,SP,64.29,151.4,18.3,0.199,0.952,1.05,normal
2026-03-01,SP,61.15,61.2,23.0,0.139,0.879,1.004,normal
2026-04-01,SP,66.68,182.6,27.5,0.142,1.015,1.052,normal
2026-05-01,SP,67.8,79.2,31.0,0.236,0.924,1.007,normal
2026-06-01,SP,71.77,128.1,18.6,0.032,1.049,1.1,normal
2026-07-01,SP,63.08,171.3,31.1,0.3,1.105,1.096,normal
2026-08-01,SP,69.12,216.0,23.8,0.149,0.972,0.905,normal
2026-09-01,SP,61.19,105.6,21.0,0.028,1.007,1.02,normal
2026-10-01,SP,69.51,76.0,19.8,0.292,0.945,0.925,normal
2026-11-01,SP,60.02,152.2,27.3,0.024,0.943,1.052,normal
2026-12-01,SP,68.78,180.8,32.6,0.024,1.131,1.074,normal
2022-01-01,TO,129.37,205.0,28.5,0.03,1.129,0.962,normal
2022-02-01,TO,138.27,200.5,19.5,0.1,0.891,0.919,normal
2022-03-01,TO,119.84,211.2,18.1,0.267,1.093,0.981,normal
2022-04-01,TO,142.33,77.1,20.5,0.282,0.924,0.967,normal
2022-05-01,TO,121.46,89.6,32.7,0.21,1.094,0.994,normal
2022-06-01,TO,140.41,176.6,20.0,0.221,1.055,0.948,normal
2022-07-01,TO,133.93,125.3,28.9,0.263,1.069,1.068,normal
2022-08-01,TO,134.9,138.8,21.8,0.129,0.967,1.065,normal
2022-09-01,TO,129.58,106.8,20.2,0.292,1.023,0.954,normal
2022-10-01,TO,125.45,158.6,32.2,0.212,1.032,0.9,normal
2022-11-01,TO,136.96,78.3,27.5,0.224,1.023,1.063,normal
2022-12-01,TO,137.48,152.8,33.5,0.075,0.919,0.95,normal
2023-01-01,TO,144.18,67.5,19.2,0.118,0.933,0.923,normal
2023-02-01,TO,137.09,60.5,21.4,0.033,0.974,0.968,normal
2023-03-01,TO,121.97,131.5,20.4,0.194,0.961,1.095,normal
2023-04-01,TO,136.21,120.6,26.3,0.083,1.107,0.929,normal
2023-05-01,TO,143.7,122.3,21.0,0.2,0.923,0.998,normal
2023-06-01,TO,130.95,103.8,18.8,0.001,0.868,1.078,normal
2023-07-01,TO,129.63,69.5,25.3,0.087,1.114,0.928,normal
2023-08-01,TO,139.45,104.7,24.8,0.004,1.009,1.017,normal
2023-09-01,TO,136.88,115.7,28.3,0.135,0.933,0.995,normal
2023-10-01,TO,142.59,122.5,20.6,0.066,0.855,0.947,normal
2023-11-01,TO,132.17,137.7,21.5,0.285,1.13,0.922,normal
2023-12-01,TO,125.89,175.4,26.4,0.207,1.047,1.06,normal
2024-01-01,TO,122.69,116.6,18.3,0.632,0.692,1.1,stress_agricola
2024-02-01,TO,115.93,108.5,26.9,0.583,0.757,1.077,stress_agricola
2024-03-01,TO,108.18,54.5,18.3,0.627,0.732,1.113,stress_agricola
2024-04-01,TO,120.12,115.2,29.5,0.508,0.699,1.081,stress_agricola
2024-05-01,TO,104.99,101.6,27.0,0.338,0.682,1.091,stress_agricola
2024-06-01,TO,104.12,88.0,21.9,0.415,0.853,1.039,stress_agricola
2024-07-01,TO,131.04,81.9,24.6,0.013,1.01,1.048,stress_macro
2024-08-01,TO,137.67,76.4,33.8,0.165,0.916,0.943,stress_macro
2024-09-01,TO,134.22,119.3,18.6,0.004,0.886,0.956,stress_macro
2024-10-01,TO,127.71,154.2,25.2,0.063,0.921,0.924,stress_macro
2024-11-01,TO,135.32,188.9,30.7,0.161,1.078,0.909,stress_macro
2024-12-01,TO,137.08,170.2,26.7,0.197,0.852,1.068,stress_macro
2025-01-01,TO,100.89,124.0,21.5,0.609,0.657,1.169,stress_combinado
2025-02-01,TO,110.28,83.4,23.6,0.427,0.794,1.041,stress_combinado
2025-03-01,TO,96.0,41.2,22.4,0.391,0.803,1.203,stress_combinado
2025-04-01,TO,97.32,52.8,25.4,0.681,0.668,1.062,stress_combinado
2025-05-01,TO,112.35,104.2,32.1,0.57,0.672,1.05,stress_combinado
2025-06-01,TO,106.93,39.8,24.0,0.613,0.838,1.06,stress_combinado
2025-07-01,TO,140.16,84.6,19.7,0.069,0.93,1.004,normal
2025-08-01,TO,143.31,148.8,28.8,0.285,1.12,1.083,normal
2025-09-01,TO,145.03,217.5,32.2,0.047,1.01,1.013,normal
2025-10-01,TO,139.68,212.6,24.8,0.183,0.934,0.952,normal
2025-11-01,TO,119.25,94.3,29.7,0.232,0.972,0.975,normal
2025-12-01,TO,121.76,145.7,32.8,0.262,1.058,1.08,normal
2026-01-01,TO,121.7,96.8,29.2,0.285,0.994,1.082,normal
2026-02-01,TO,132.38,152.9,29.8,0.041,1.012,0.946,normal
2026-03-01,TO,134.73,80.2,32.5,0.153,1.115,0.948,normal
2026-04-01,TO,125.57,148.4,23.4,0.161,0.95,0.927,normal
2026-05-01,TO,124.13,88.5,24.8,0.255,1.091,0.944,normal
2026-06-01,TO,120.6,161.8,26.3,0.187,1.066,1.009,normal
2026-07-01,TO,126.01,178.0,23.1,0.049,1.104,0.906,normal
2026-08-01,TO,136.95,182.5,30.5,0.233,1.109,1.045,normal
2026-09-01,TO,135.53,73.4,20.6,0.223,0.874,1.038,normal
2026-10-01,TO,142.31,136.9,30.9,0.132,1.044,0.911,normal
2026-11-01,TO,122.67,160.9,33.5,0.008,0.956,0.976,normal
2026-12-01,TO,138.57,78.4,32.6,0.194,0.928,0.917,normal
2022-01-01,PI,171.61,156.1,27.2,0.143,1.123,0.915,normal
2022-02-01,PI,181.83,88.1,30.2,0.15,0.944,0.994,normal
2022-03-01,PI,156.4,141.1,25.5,0.013,1.049,1.077,normal
2022-04-01,PI,179.61,120.5,28.2,0.027,0.933,0.93,normal
2022-05-01,PI,182.15,120.4,20.0,0.124,1.004,1.098,normal
2022-06-01,PI,160.58,119.1,18.8,0.093,1.023,1.046,normal
2022-07-01,PI,168.71,148.4,18.6,0.141,0.922,1.02,normal
2022-08-01,PI,189.06,158.3,25.4,0.107,1.082,1.056,normal
2022-09-01,PI,159.05,212.5,31.7,0.158,0.868,1.06,normal
2022-10-01,PI,172.9,208.5,31.8,0.076,1.117,1.083,normal
2022-11-01,PI,187.81,178.2,22.2,0.22,1.043,1.009,normal
2022-12-01,PI,161.39,135.8,32.1,0.075,1.065,0.938,normal
2023-01-01,PI,177.86,163.6,24.4,0.073,0.892,0.98,normal
2023-02-01,PI,176.91,168.5,29.6,0.157,1.05,0.961,normal
2023-03-01,PI,180.73,107.6,18.3,0.264,0.889,1.044,normal
2023-04-01,PI,187.76,195.2,24.9,0.031,0.926,0.992,normal
2023-05-01,PI,176.44,66.5,24.2,0.284,0.897,1.089,normal
2023-06-01,PI,161.14,119.8,22.6,0.262,1.087,1.044,normal
2023-07-01,PI,161.31,119.0,26.7,0.056,1.11,1.046,normal
2023-08-01,PI,181.96,167.0,25.5,0.092,1.109,1.003,normal
2023-09-01,PI,155.5,213.6,26.5,0.275,0.918,0.922,normal
2023-10-01,PI,183.28,98.6,29.2,0.156,0.933,1.045,normal
2023-11-01,PI,177.89,81.5,27.8,0.209,0.952,0.958,normal
2023-12-01,PI,161.76,162.3,33.9,0.087,0.915,1.094,normal
2024-01-01,PI,152.35,124.7,21.1,0.604,0.836,1.063,stress_agricola
2024-02-01,PI,129.0,122.8,19.4,0.538,0.742,1.237,stress_agricola
2024-03-01,PI,160.24,140.5,21.9,0.456,0.748,1.066,stress_agricola
2024-04-01,PI,129.75,43.1,24.5,0.463,0.656,1.208,stress_agricola
2024-05-01,PI,155.59,139.0,33.9,0.473,0.831,1.214,stress_agricola
2024-06-01,PI,126.42,39.9,32.6,0.43,0.82,1.17,stress_agricola
2024-07-01,PI,155.17,148.0,31.4,0.157,1.057,0.967,stress_macro
2024-08-01,PI,183.02,161.9,26.0,0.219,1.029,1.092,stress_macro
2024-09-01,PI,178.11,205.3,32.7,0.265,0.968,1.022,stress_macro
2024-10-01,PI,175.48,115.3,32.2,0.023,1.093,1.074,stress_macro
2024-11-01,PI,164.77,162.3,27.2,0.033,0.919,1.006,stress_macro
2024-12-01,PI,189.0,114.9,18.4,0.042,0.908,1.063,stress_macro
2025-01-01,PI,121.7,55.4,21.4,0.548,0.692,1.098,stress_combinado
2025-02-01,PI,136.04,65.5,18.6,0.712,0.667,1.158,stress_combinado
2025-03-01,PI,140.34,77.2,18.3,0.731,0.848,1.134,stress_combinado
2025-04-01,PI,149.27,93.0,19.5,0.713,0.828,1.251,stress_combinado
2025-05-01,PI,136.06,44.8,32.2,0.561,0.774,1.223,stress_combinado
2025-06-01,PI,129.81,110.2,19.2,0.633,0.852,1.212,stress_combinado
2025-07-01,PI,169.72,68.3,24.9,0.165,0.883,1.025,normal
2025-08-01,PI,159.63,137.6,30.2,0.193,0.913,1.005,normal
2025-09-01,PI,163.05,102.2,30.0,0.012,1.119,0.901,normal
2025-10-01,PI,164.98,144.4,25.2,0.058,0.993,1.033,normal
2025-11-01,PI,156.31,148.0,32.3,0.041,0.92,0.975,normal
2025-12-01,PI,170.25,175.8,18.9,0.2,1.058,1.021,normal
2026-01-01,PI,179.05,67.6,23.9,0.169,1.091,0.957,normal
2026-02-01,PI,188.83,89.1,18.3,0.299,1.025,0.933,normal
2026-03-01,PI,176.25,181.0,29.3,0.187,1.08,1.015,normal
2026-04-01,PI,173.73,120.1,30.5,0.089,1.031,1.02,normal
2026-05-01,PI,170.41,176.8,28.9,0.294,1.117,0.959,normal
2026-06-01,PI,187.45,145.6,23.9,0.115,0.924,0.966,normal
2026-07-01,PI,165.37,76.5,18.3,0.15,1.036,1.095,normal
2026-08-01,PI,161.08,91.1,20.8,0.057,1.084,1.064,normal
2026-09-01,PI,168.62,107.1,20.3,0.291,1.018,1.088,normal
2026-10-01,PI,170.99,125.3,29.2,0.297,0.969,0.924,normal
2026-11-01,PI,169.92,182.2,33.6,0.009,1.075,0.962,normal
2026-12-01,PI,162.3,210.9,29.6,0.156,1.051,1.02,normal
