producer_id,age,state,municipality,region,farm_size_ha,years_farming,crop_type,annual_revenue,annual_cost,equity,debt
PRD000001,67,GO,Goias - Municipio 35,Centro-Oeste,19.9,15,cafe,375382.24,284041.37,53002.37,39834.27
PRD000002,28,PR,Parana - Municipio 6,Sul,49.0,1,cafe,287748.67,200824.12,90354.43,90749.07
PRD000003,75,GO,Goias - Municipio 40,Centro-Oeste,39.2,17,algodao,778129.26,574010.26,378818.22,280344.72
PRD000004,66,PI,Piaui - Municipio 5,Nordeste,163.6,6,cana-de-acucar,152761.74,128616.01,64984.15,57687.66
PRD000005,58,RS,Rio Grande do Sul - Municipio 21,Sul,58.5,30,milho,290530.42,229407.17,94288.69,29581.05
PRD000006,59,SP,Sao Paulo - Municipio 26,Sudeste,8.3,30,algodao,120756.88,97903.17,164628.63,96397.02
PRD000007,51,PR,Parana - Municipio 34,Sul,52.4,8,algodao,121019.91,95384.07,165224.95,131330.79
PRD000008,68,TO,Tocantins - Municipio 17,Norte,159.3,35,cana-de-acucar,730835.71,488973.97,95163.47,5144.22
PRD000009,55,RS,Rio Grande do Sul - Municipio 1,Sul,55.3,20,cana-de-acucar,457427.02,283430.42,108403.46,134623.51
PRD000010,71,BA,Bahia - Municipio 9,Nordeste,53.5,24,milho,155536.68,133342.12,130528.03,130626.28
PRD000011,50,SP,Sao Paulo - Municipio 8,Sudeste,60.9,14,milho,439901.27,303376.73,194085.26,227956.55
PRD000012,35,PR,Parana - Municipio 35,Sul,66.8,1,milho,49190.46,30996.37,61517.41,54518.1
PRD000013,68,PI,Piaui - Municipio 4,Nordeste,63.8,31,pecuaria,313674.78,183162.79,113078.47,71666.97
PRD000014,50,GO,Goias - Municipio 36,Centro-Oeste,91.9,13,soja,101245.47,70634.77,88864.24,106999.83
PRD000015,46,MT,Mato Grosso - Municipio 1,Centro-Oeste,91.0,1,cafe,328493.18,236506.68,69154.39,8526.34
PRD000016,25,MS,Mato Grosso do Sul - Municipio 4,Centro-Oeste,18.3,32,cana-de-acucar,110256.7,98023.53,168951.89,166412.45
PRD000017,58,SP,Sao Paulo - Municipio 16,Sudeste,56.3,11,cana-de-acucar,67427.78,57176.73,306463.93,376029.76
PRD000018,41,PI,Piaui - Municipio 30,Nordeste,95.5,21,algodao,383089.72,306727.35,73603.43,65478.55
PRD000019,67,GO,Goias - Municipio 20,Centro-Oeste,60.8,35,cana-de-acucar,124394.52,109049.31,107731.68,117662.51
PRD000020,38,TO,Tocantins - Municipio 33,Norte,21.8,9,cafe,280601.98,182002.57,72812.13,66213.27
PRD000021,29,MS,Mato Grosso do Sul - Municipio 5,Centro-Oeste,18.3,18,pecuaria,87420.63,52084.06,101599.0,76314.42
PRD000022,64,RS,Rio Grande do Sul - Municipio 7,Sul,83.6,10,algodao,182043.72,123357.93,49846.92,44991.0
PRD000023,33,TO,Tocantins - Municipio 22,Norte,148.3,10,cafe,388430.68,235729.11,219722.1,124223.85
PRD000024,36,PR,Parana - Municipio 2,Sul,10.0,7,pecuaria,171659.08,122691.87,42204.6,48077.53
PRD000025,38,PR,Parana - Municipio 12,Sul,43.9,5,cana-de-acucar,432685.79,335123.2,301941.26,58630.11
PRD000026,22,MS,Mato Grosso do Sul - Municipio 34,Centro-Oeste,17.9,28,cana-de-acucar,258086.46,176742.36,153435.6,143612.9
PRD000027,42,PR,Parana - Municipio 26,Sul,43.6,22,pecuaria,308463.4,183109.69,405929.32,358685.69
PRD000028,51,MS,Mato Grosso do Sul - Municipio 29,Centro-Oeste,60.6,25,cafe,242422.73,179823.85,105969.41,92021.93
PRD000029,37,PR,Parana - Municipio 20,Sul,59.4,11,milho,259456.34,202985.37,159617.55,197925.69
PRD000030,71,PR,Parana - Municipio 7,Sul,116.9,13,cafe,304261.4,209903.4,28328.24,33025.76
PRD000031,50,PR,Parana - Municipio 40,Sul,56.2,16,pecuaria,87337.54,64271.36,150009.86,149119.18
PRD000032,62,TO,Tocantins - Municipio 16,Norte,16.2,29,algodao,190793.43,121446.49,298566.86,209481.9
PRD000033,35,SP,Sao Paulo - Municipio 5,Sudeste,21.9,18,cafe,31484.22,18204.24,61284.47,14769.96
PRD000034,70,MG,Minas Gerais - Municipio 37,Sudeste,33.5,4,cafe,108321.7,93881.71,194655.34,218192.1
PRD000035,49,SP,Sao Paulo - Municipio 32,Sudeste,16.8,25,soja,135245.63,100236.8,159819.46,51825.78
PRD000036,27,MG,Minas Gerais - Municipio 28,Sudeste,24.8,26,milho,1075087.92,937304.19,523587.54,460102.39
PRD000037,38,SP,Sao Paulo - Municipio 6,Sudeste,28.1,21,cafe,118850.07,97032.81,68258.88,74395.72
PRD000038,37,MT,Mato Grosso - Municipio 9,Centro-Oeste,81.9,23,cafe,139305.98,123292.75,15408.66,12737.87
PRD000039,41,GO,Goias - Municipio 7,Centro-Oeste,61.9,17,cana-de-acucar,292181.51,222799.1,195686.71,210192.27
PRD000040,71,MT,Mato Grosso - Municipio 20,Centro-Oeste,260.1,25,pecuaria,128607.84,74155.12,268822.3,47682.79
PRD000041,28,PI,Piaui - Municipio 28,Nordeste,60.7,35,algodao,173399.68,126076.53,31302.27,33741.14
PRD000042,68,SP,Sao Paulo - Municipio 38,Sudeste,96.3,34,algodao,427540.0,356085.12,147477.51,87670.68
PRD000043,39,BA,Bahia - Municipio 39,Nordeste,26.1,25,pecuaria,134792.43,89469.14,129769.63,48396.35
PRD000044,27,MS,Mato Grosso do Sul - Municipio 19,Centro-Oeste,65.2,13,milho,187827.94,148705.87,197454.12,205582.53
PRD000045,39,MG,Minas Gerais - Municipio 20,Sudeste,83.7,24,algodao,185636.39,129746.16,220657.65,204895.78
PRD000046,60,PR,Parana - Municipio 19,Sul,26.4,8,soja,263673.08,213182.75,63108.72,63125.12
PRD000047,58,PR,Parana - Municipio 19,Sul,33.4,20,cafe,245675.65,145979.94,359780.43,410473.37
PRD000048,60,SP,Sao Paulo - Municipio 40,Sudeste,48.8,4,milho,194185.24,153456.41,60961.44,34761.28
PRD000049,32,TO,Tocantins - Municipio 16,Norte,7.3,20,milho,107290.86,81902.71,80153.34,70177.07
PRD000050,59,TO,Tocantins - Municipio 13,Norte,45.2,19,cafe,90366.37,58643.39,81027.14,84192.03
PRD000051,66,GO,Goias - Municipio 20,Centro-Oeste,66.4,18,pecuaria,111366.37,90444.55,152285.94,31285.94
PRD000052,36,MG,Minas Gerais - Municipio 37,Sudeste,214.5,32,cana-de-acucar,165058.29,142164.38,300210.7,24716.68
PRD000053,44,MT,Mato Grosso - Municipio 27,Centro-Oeste,115.3,29,algodao,366017.61,276294.02,191748.61,31456.94
PRD000054,27,BA,Bahia - Municipio 21,Nordeste,346.0,22,algodao,161087.07,125954.66,75324.12,7221.43
PRD000055,40,BA,Bahia - Municipio 29,Nordeste,51.3,34,pecuaria,100558.62,77318.83,208566.59,153614.41
PRD000056,40,SP,Sao Paulo - Municipio 33,Sudeste,68.1,11,pecuaria,172385.03,145577.78,169331.5,205876.0
PRD000057,26,MS,Mato Grosso do Sul - Municipio 18,Centro-Oeste,42.4,31,cafe,100126.8,68512.27,432512.96,497025.65
PRD000058,57,BA,Bahia - Municipio 35,Nordeste,213.2,1,cafe,137066.47,103543.88,46854.4,22555.94
PRD000059,53,SP,Sao Paulo - Municipio 3,Sudeste,15.6,27,milho,734397.37,503155.88,466615.78,595412.32
PRD000060,63,TO,Tocantins - Municipio 10,Norte,160.1,7,soja,443678.94,325697.11,107691.27,60573.46
PRD000061,67,SP,Sao Paulo - Municipio 32,Sudeste,98.6,26,cana-de-acucar,669205.86,567700.36,295211.18,131612.95
PRD000062,23,MT,Mato Grosso - Municipio 3,Centro-Oeste,69.2,19,algodao,182052.49,140510.25,334080.65,306519.48
PRD000063,46,MT,Mato Grosso - Municipio 40,Centro-Oeste,32.8,10,pecuaria,117892.65,92973.7,78254.09,63531.74
PRD000064,59,PR,Parana - Municipio 20,Sul,54.1,15,pecuaria,186738.25,119393.78,57479.59,27702.69
PRD000065,66,MG,Minas Gerais - Municipio 19,Sudeste,93.8,20,soja,110522.45,79479.22,57381.52,44098.55
PRD000066,70,MG,Minas Gerais - Municipio 9,Sudeste,24.5,4,pecuaria,305621.8,253872.75,82769.77,30068.89
PRD000067,72,GO,Goias - Municipio 35,Centro-Oeste,317.7,20,algodao,164911.37,143204.04,88710.15,26701.18
PRD000068,29,TO,Tocantins - Municipio 30,Norte,54.8,11,soja,37618.55,27034.45,700594.75,331657.4
PRD000069,65,RS,Rio Grande do Sul - Municipio 17,Sul,90.6,26,cana-de-acucar,92036.81,51068.61,146102.03,130182.09
PRD000070,63,MG,Minas Gerais - Municipio 27,Sudeste,24.8,2,soja,117042.63,90904.47,188503.8,174619.83
PRD000071,31,RS,Rio Grande do Sul - Municipio 27,Sul,22.5,25,pecuaria,167889.41,136007.05,382199.34,373728.38
PRD000072,47,GO,Goias - Municipio 18,Centro-Oeste,208.6,18,milho,81514.89,57483.0,2093174.48,1043117.39
PRD000073,57,GO,Goias - Municipio 14,Centro-Oeste,24.5,2,cana-de-acucar,88454.33,79262.8,218719.07,237807.19
PRD000074,23,PR,Parana - Municipio 9,Sul,102.5,10,soja,468803.92,303337.79,175242.75,32841.88
PRD000075,59,BA,Bahia - Municipio 7,Nordeste,98.3,21,cafe,91668.57,54064.04,44996.74,22613.05
PRD000076,50,TO,Tocantins - Municipio 5,Norte,17.9,34,soja,101935.01,57175.62,118963.28,111885.16
PRD000077,54,BA,Bahia - Municipio 39,Nordeste,65.3,18,cafe,284944.33,227742.75,88789.48,37169.25
PRD000078,42,GO,Goias - Municipio 28,Centro-Oeste,91.0,14,algodao,93863.48,65219.61,281347.93,270661.11
PRD000079,29,MS,Mato Grosso do Sul - Municipio 27,Centro-Oeste,43.4,31,algodao,912063.17,679240.58,174673.31,80709.11
PRD000080,39,MG,Minas Gerais - Municipio 37,Sudeste,31.7,14,milho,89256.97,75560.15,83819.34,16227.98
PRD000081,43,MG,Minas Gerais - Municipio 23,Sudeste,194.9,2,soja,291421.69,231014.32,54744.51,54909.39
PRD000082,58,RS,Rio Grande do Sul - Municipio 39,Sul,203.7,26,soja,210803.42,149412.41,67303.0,30655.08
PRD000083,59,MT,Mato Grosso - Municipio 32,Centro-Oeste,46.9,29,cana-de-acucar,174316.11,127132.44,104925.96,94199.63
PRD000084,67,MS,Mato Grosso do Sul - Municipio 15,Centro-Oeste,17.1,4,cana-de-acucar,132995.57,85041.6,201041.12,105598.72
PRD000085,49,TO,Tocantins - Municipio 7,Norte,71.8,27,milho,129983.42,115447.36,111699.13,56108.24
PRD000086,71,MG,Minas Gerais - Municipio 23,Sudeste,72.8,26,algodao,43751.07,25232.68,196717.42,57516.17
PRD000087,59,RS,Rio Grande do Sul - Municipio 29,Sul,33.9,13,pecuaria,125136.55,102074.3,184902.28,139540.08
PRD000088,50,PI,Piaui - Municipio 3,Nordeste,32.9,31,soja,179953.77,116274.57,38700.94,16951.39
PRD000089,54,BA,Bahia - Municipio 10,Nordeste,78.3,30,soja,1635851.6,1322786.19,150414.2,121272.55
PRD000090,46,SP,Sao Paulo - Municipio 27,Sudeste,23.4,33,algodao,238620.1,190339.52,168874.43,202213.79
PRD000091,44,PI,Piaui - Municipio 20,Nordeste,37.3,25,pecuaria,77787.35,60658.38,77026.65,17468.53
PRD000092,69,MG,Minas Gerais - Municipio 34,Sudeste,7.6,6,soja,137743.24,113924.91,490386.8,532657.51
PRD000093,26,MG,Minas Gerais - Municipio 19,Sudeste,55.3,20,soja,121951.46,107522.64,130045.43,28864.45
PRD000094,68,TO,Tocantins - Municipio 29,Norte,18.6,9,soja,228223.21,139968.4,269759.73,317863.28
PRD000095,72,MG,Minas Gerais - Municipio 31,Sudeste,25.9,29,milho,339888.49,280180.32,82469.39,103663.68
PRD000096,73,BA,Bahia - Municipio 39,Nordeste,103.6,29,milho,186452.05,127468.94,407271.66,436234.4
PRD000097,39,MS,Mato Grosso do Sul - Municipio 29,Centro-Oeste,14.4,24,cana-de-acucar,213840.07,180922.02,261479.9,262498.64
PRD000098,30,RS,Rio Grande do Sul - Municipio 3,Sul,43.9,24,algodao,170319.18,149163.68,503747.7,523507.6
PRD000099,68,SP,Sao Paulo - Municipio 39,Sudeste,77.6,31,cana-de-acucar,186829.41,107936.77,17506.02,12884.52
PRD000100,53,MG,Minas Gerais - Municipio 39,Sudeste,23.5,20,cana-de-acucar,109503.32,84715.39,159507.05,174797.34
PRD000101,55,MT,Mato Grosso - Municipio 35,Centro-Oeste,88.2,10,cana-de-acucar,131705.15,81072.4,216312.48,108319.49
PRD000102,37,TO,Tocantins - Municipio 7,Norte,62.6,31,cana-de-acucar,81304.38,55340.3,225923.28,30375.26
PRD000103,73,BA,Bahia - Municipio 9,Nordeste,22.8,22,soja,313762.81,258132.63,113619.3,95402.7
PRD000104,43,SP,Sao Paulo - Municipio 18,Sudeste,36.1,26,soja,59828.76,36907.54,54411.91,61607.77
PRD000105,55,BA,Bahia - Municipio 18,Nordeste,46.4,29,soja,430476.78,383470.12,131877.64,158963.74
PRD000106,49,MG,Minas Gerais - Municipio 11,Sudeste,10.6,12,pecuaria,215442.73,124531.09,183222.02,147178.04
PRD000107,69,SP,Sao Paulo - Municipio 11,Sudeste,43.0,23,soja,253744.56,196351.16,197927.51,136838.67
PRD000108,45,RS,Rio Grande do Sul - Municipio 24,Sul,290.7,29,cafe,336991.79,230502.06,168332.54,151301.93
PRD000109,71,GO,Goias - Municipio 17,Centro-Oeste,69.6,26,pecuaria,145944.34,129333.25,176607.96,34827.31
PRD000110,73,SP,Sao Paulo - Municipio 21,Sudeste,17.5,32,pecuaria,131059.97,75479.82,27795.69,36039.28
PRD000111,72,BA,Bahia - Municipio 32,Nordeste,112.0,19,soja,443093.4,322600.58,69538.77,15548.6
PRD000112,26,BA,Bahia - Municipio 9,Nordeste,62.3,9,algodao,230295.68,151592.53,155246.96,167538.52
PRD000113,75,GO,Goias - Municipio 8,Centro-Oeste,42.9,23,cana-de-acucar,230834.93,188990.0,47852.92,54325.72
PRD000114,54,RS,Rio Grande do Sul - Municipio 11,Sul,38.1,15,cana-de-acucar,87496.13,64991.64,63712.13,45671.88
PRD000115,71,PI,Piaui - Municipio 37,Nordeste,11.4,22,cafe,510221.59,427990.55,210806.96,182118.76
PRD000116,50,PI,Piaui - Municipio 27,Nordeste,83.7,35,cafe,178999.21,141364.05,98726.62,12330.1
PRD000117,54,SP,Sao Paulo - Municipio 36,Sudeste,17.1,21,soja,376147.23,336955.77,93625.69,93703.52
PRD000118,32,BA,Bahia - Municipio 21,Nordeste,34.7,29,cana-de-acucar,142178.09,92639.58,88134.54,31758.21
PRD000119,37,BA,Bahia - Municipio 14,Nordeste,30.9,33,cana-de-acucar,142978.45,103527.78,52719.16,32766.98
PRD000120,46,BA,Bahia - Municipio 33,Nordeste,20.7,31,cafe,127266.78,87959.03,152220.51,62524.9
PRD000121,24,TO,Tocantins - Municipio 3,Norte,74.9,7,milho,106810.34,71421.92,57446.51,38781.99
PRD000122,69,BA,Bahia - Municipio 20,Nordeste,144.9,10,cana-de-acucar,258687.94,171972.65,160377.66,206609.68
PRD000123,59,BA,Bahia - Municipio 20,Nordeste,55.9,32,pecuaria,284358.72,237585.15,76583.01,97633.58
PRD000124,31,MT,Mato Grosso - Municipio 16,Centro-Oeste,66.9,15,soja,376391.58,229478.13,212281.53,233819.38
PRD000125,68,PI,Piaui - Municipio 4,Nordeste,18.5,10,pecuaria,174330.27,126500.46,178001.43,197665.47
PRD000126,71,RS,Rio Grande do Sul - Municipio 17,Sul,58.3,31,cana-de-acucar,207852.23,126917.45,314901.31,155201.86
PRD000127,72,SP,Sao Paulo - Municipio 18,Sudeste,29.1,20,algodao,141233.77,87924.69,201174.62,97771.66
PRD000128,38,GO,Goias - Municipio 31,Centro-Oeste,70.0,26,milho,332882.67,216596.97,208903.24,125962.42
PRD000129,62,PR,Parana - Municipio 15,Sul,109.4,18,soja,63998.18,48343.63,45681.97,32607.88
PRD000130,63,GO,Goias - Municipio 13,Centro-Oeste,34.0,7,algodao,255829.43,227069.49,773049.26,498326.54
PRD000131,24,BA,Bahia - Municipio 26,Nordeste,38.4,6,cafe,252257.96,203960.72,359935.42,394851.36
PRD000132,38,RS,Rio Grande do Sul - Municipio 12,Sul,62.3,9,soja,439093.98,271133.5,70632.35,44049.38
PRD000133,37,BA,Bahia - Municipio 1,Nordeste,154.3,13,algodao,202823.8,159062.45,80547.56,36609.03
PRD000134,29,MG,Minas Gerais - Municipio 30,Sudeste,10.4,22,algodao,84267.03,46684.15,264742.61,33795.83
PRD000135,52,RS,Rio Grande do Sul - Municipio 10,Sul,40.7,20,cafe,374181.67,328988.93,105523.34,131556.02
PRD000136,72,PI,Piaui - Municipio 6,Nordeste,28.4,31,cana-de-acucar,946750.35,794286.84,410146.59,325971.42
PRD000137,55,SP,Sao Paulo - Municipio 29,Sudeste,58.4,8,soja,62105.24,45145.57,149846.21,68951.29
PRD000138,65,PR,Parana - Municipio 20,Sul,105.1,33,pecuaria,185474.91,110576.53,102112.59,76430.92
PRD000139,68,MT,Mato Grosso - Municipio 27,Centro-Oeste,22.8,14,algodao,219367.3,147104.44,77545.78,78110.67
PRD000140,33,MG,Minas Gerais - Municipio 35,Sudeste,20.9,25,cafe,124158.82,97045.93,155698.45,75468.96
PRD000141,31,TO,Tocantins - Municipio 18,Norte,455.0,20,milho,169709.29,118532.57,107464.97,67249.6
PRD000142,37,GO,Goias - Municipio 3,Centro-Oeste,882.6,2,cafe,142358.82,107890.97,106498.03,121436.03
PRD000143,64,SP,Sao Paulo - Municipio 34,Sudeste,32.3,4,milho,246795.44,202468.11,236241.17,270572.42
PRD000144,48,MG,Minas Gerais - Municipio 27,Sudeste,39.3,12,milho,258886.14,187295.65,399452.19,179121.58
PRD000145,48,MS,Mato Grosso do Sul - Municipio 27,Centro-Oeste,25.1,31,cana-de-acucar,133045.89,113107.56,53692.02,6552.03
PRD000146,25,TO,Tocantins - Municipio 18,Norte,25.9,14,cafe,159319.54,112706.69,91032.46,98930.24
PRD000147,41,PI,Piaui - Municipio 1,Nordeste,192.0,13,milho,482665.16,378895.86,81558.77,96548.54
PRD000148,41,PR,Parana - Municipio 17,Sul,20.0,14,algodao,168857.91,111879.38,76281.32,65670.72
PRD000149,69,TO,Tocantins - Municipio 10,Norte,165.1,31,soja,315587.5,196009.7,101818.83,115066.08
PRD000150,65,MS,Mato Grosso do Sul - Municipio 22,Centro-Oeste,66.5,27,algodao,146388.95,92299.19,151294.66,111701.33
PRD000151,25,SP,Sao Paulo - Municipio 34,Sudeste,53.7,23,soja,48047.73,34638.12,464926.86,396239.42
PRD000152,56,GO,Goias - Municipio 19,Centro-Oeste,109.4,15,soja,106837.91,61021.28,117741.77,112177.4
PRD000153,45,TO,Tocantins - Municipio 26,Norte,240.6,12,cafe,117974.84,86624.16,240493.61,131338.5
PRD000154,25,PI,Piaui - Municipio 1,Nordeste,14.7,20,pecuaria,849788.47,661821.64,54243.91,40188.05
PRD000155,33,RS,Rio Grande do Sul - Municipio 21,Sul,76.3,7,soja,338750.58,218454.58,68898.61,60123.45
PRD000156,56,PR,Parana - Municipio 22,Sul,93.9,26,cafe,414566.06,309840.61,244745.25,219363.63
PRD000157,71,RS,Rio Grande do Sul - Municipio 40,Sul,231.3,6,cana-de-acucar,206298.78,117341.46,78026.13,37120.22
PRD000158,59,MG,Minas Gerais - Municipio 25,Sudeste,159.9,18,soja,369430.78,232685.4,149723.25,42247.75
PRD000159,41,PI,Piaui - Municipio 29,Nordeste,35.9,5,algodao,398052.13,321976.15,100549.0,5680.42
PRD000160,46,MS,Mato Grosso do Sul - Municipio 1,Centro-Oeste,42.9,33,algodao,177476.74,119596.25,33208.99,15127.95
PRD000161,26,MG,Minas Gerais - Municipio 11,Sudeste,45.2,16,cafe,220590.27,150719.67,65562.72,43691.32
PRD000162,47,MS,Mato Grosso do Sul - Municipio 22,Centro-Oeste,43.1,5,cana-de-acucar,336423.45,257644.54,124630.02,7285.77
PRD000163,66,MG,Minas Gerais - Municipio 13,Sudeste,110.0,22,cafe,123974.71,96435.33,160360.9,128932.42
PRD000164,74,BA,Bahia - Municipio 26,Nordeste,23.9,21,algodao,87464.42,63136.42,152888.28,79512.47
PRD000165,26,GO,Goias - Municipio 27,Centro-Oeste,125.7,35,pecuaria,38024.11,21271.47,18589.8,20246.19
PRD000166,66,SP,Sao Paulo - Municipio 27,Sudeste,24.6,17,cana-de-acucar,388129.22,320663.38,127062.99,86817.8
PRD000167,61,MT,Mato Grosso - Municipio 3,Centro-Oeste,110.0,35,cana-de-acucar,741332.84,436110.76,47548.17,12263.77
PRD000168,51,MG,Minas Gerais - Municipio 38,Sudeste,160.5,28,pecuaria,53169.42,39627.05,185467.66,96007.23
PRD000169,50,TO,Tocantins - Municipio 29,Norte,52.6,6,algodao,106368.17,75454.01,61203.81,39488.89
PRD000170,43,GO,Goias - Municipio 36,Centro-Oeste,10.8,8,cafe,83056.3,48860.11,263529.17,194982.03
PRD000171,35,SP,Sao Paulo - Municipio 14,Sudeste,27.2,12,algodao,66239.35,45602.73,118028.81,6557.98
PRD000172,61,GO,Goias - Municipio 26,Centro-Oeste,99.1,35,cana-de-acucar,113807.89,80819.84,148063.5,117890.16
PRD000173,29,GO,Goias - Municipio 16,Centro-Oeste,11.9,12,algodao,716004.25,468342.46,158208.73,34400.07
PRD000174,63,GO,Goias - Municipio 12,Centro-Oeste,11.1,33,cana-de-acucar,142644.8,107152.22,108471.09,78286.2
PRD000175,46,RS,Rio Grande do Sul - Municipio 36,Sul,53.6,21,cana-de-acucar,584820.55,498812.62,443830.85,130446.6
PRD000176,56,SP,Sao Paulo - Municipio 19,Sudeste,41.4,29,milho,195870.03,109844.16,221042.29,86994.76
PRD000177,68,SP,Sao Paulo - Municipio 29,Sudeste,85.3,32,cana-de-acucar,212636.21,125449.48,47569.04,4852.67
PRD000178,61,PR,Parana - Municipio 9,Sul,423.9,20,milho,52690.81,41688.8,475154.43,278064.57
PRD000179,54,PR,Parana - Municipio 7,Sul,163.5,35,milho,112423.64,74568.21,197612.56,75918.56
PRD000180,58,MG,Minas Gerais - Municipio 18,Sudeste,104.5,9,pecuaria,70152.13,58925.59,403677.18,267163.01
PRD000181,59,MG,Minas Gerais - Municipio 1,Sudeste,44.3,6,pecuaria,124706.02,98910.11,344425.29,227339.84
PRD000182,53,GO,Goias - Municipio 22,Centro-Oeste,105.5,23,pecuaria,430214.28,285233.27,69141.99,14744.03
PRD000183,62,MT,Mato Grosso - Municipio 20,Centro-Oeste,4.8,18,pecuaria,92636.69,53622.49,253488.19,29083.74
PRD000184,46,PR,Parana - Municipio 6,Sul,48.4,7,pecuaria,112419.1,88585.57,117847.1,16325.99
PRD000185,63,GO,Goias - Municipio 11,Centro-Oeste,20.7,20,cafe,282294.02,253367.08,46909.95,2842.43
PRD000186,44,BA,Bahia - Municipio 28,Nordeste,137.5,10,algodao,739241.42,521042.75,75853.08,73009.46
PRD000187,64,RS,Rio Grande do Sul - Municipio 20,Sul,18.3,16,milho,233353.35,177968.7,459064.15,509499.29
PRD000188,53,TO,Tocantins - Municipio 39,Norte,66.9,26,soja,153322.86,132512.26,458342.24,87511.09
PRD000189,71,TO,Tocantins - Municipio 5,Norte,39.9,25,soja,542460.87,367731.17,383908.38,477223.54
PRD000190,62,PI,Piaui - Municipio 35,Nordeste,22.1,3,cana-de-acucar,167424.52,133842.54,251693.66,139148.03
PRD000191,29,PI,Piaui - Municipio 30,Nordeste,28.6,5,cana-de-acucar,132553.93,117137.88,82886.54,99943.32
PRD000192,68,PI,Piaui - Municipio 17,Nordeste,73.4,1,milho,458807.4,278652.74,490622.76,504720.25
PRD000193,58,BA,Bahia - Municipio 8,Nordeste,104.7,5,milho,269401.63,196332.81,77456.84,78747.36
PRD000194,68,TO,Tocantins - Municipio 21,Norte,3.9,12,algodao,415706.08,336403.09,113191.15,64555.26
PRD000195,22,GO,Goias - Municipio 24,Centro-Oeste,61.9,4,milho,75526.22,49001.97,269290.6,199642.42
PRD000196,70,MS,Mato Grosso do Sul - Municipio 16,Centro-Oeste,62.9,16,milho,178778.97,129199.31,212142.78,249385.32
PRD000197,53,MT,Mato Grosso - Municipio 4,Centro-Oeste,65.1,1,milho,694572.74,558801.32,41938.88,14582.55
PRD000198,59,MS,Mato Grosso do Sul - Municipio 37,Centro-Oeste,195.8,24,soja,163099.67,122858.04,136016.76,73848.82
PRD000199,39,MG,Minas Gerais - Municipio 15,Sudeste,72.9,19,soja,130743.04,108554.1,377352.23,168892.35
PRD000200,32,PR,Parana - Municipio 20,Sul,48.7,8,pecuaria,673242.02,419209.41,93158.76,18621.69
PRD000201,47,PI,Piaui - Municipio 29,Nordeste,40.7,16,cana-de-acucar,504663.6,286211.24,28723.86,7678.88
PRD000202,27,TO,Tocantins - Municipio 38,Norte,26.6,9,cana-de-acucar,306763.38,189992.84,86255.64,105401.69
PRD000203,47,MS,Mato Grosso do Sul - Municipio 32,Centro-Oeste,178.0,6,soja,160924.62,114473.44,45737.26,49263.91
PRD000204,63,MG,Minas Gerais - Municipio 19,Sudeste,76.9,14,cafe,390931.06,276037.99,38191.36,31363.56
PRD000205,73,MG,Minas Gerais - Municipio 35,Sudeste,169.8,6,soja,146308.57,90683.55,405667.16,340128.78
PRD000206,60,MG,Minas Gerais - Municipio 15,Sudeste,107.7,35,soja,332774.42,248907.91,95264.32,7866.8
PRD000207,33,MS,Mato Grosso do Sul - Municipio 16,Centro-Oeste,66.3,15,cana-de-acucar,256998.18,214773.33,38583.93,42694.13
PRD000208,24,BA,Bahia - Municipio 6,Nordeste,260.8,2,soja,289772.88,216946.57,545755.44,147051.6
PRD000209,55,PR,Parana - Municipio 24,Sul,64.1,31,soja,131622.91,105420.5,560160.51,570219.94
PRD000210,53,BA,Bahia - Municipio 21,Nordeste,139.0,7,milho,148785.39,132649.8,234748.72,199321.03
PRD000211,71,TO,Tocantins - Municipio 37,Norte,96.6,12,soja,114802.64,74975.43,255001.56,283930.52
PRD000212,42,RS,Rio Grande do Sul - Municipio 11,Sul,404.3,15,pecuaria,239710.08,173469.74,103646.6,50114.44
PRD000213,22,GO,Goias - Municipio 4,Centro-Oeste,245.9,22,cafe,182184.8,116113.53,59995.54,11101.77
PRD000214,36,SP,Sao Paulo - Municipio 11,Sudeste,176.1,25,cafe,149342.54,125460.05,340825.86,340077.55
PRD000215,34,GO,Goias - Municipio 27,Centro-Oeste,21.6,25,pecuaria,156669.46,119470.05,121125.82,56186.42
PRD000216,25,TO,Tocantins - Municipio 24,Norte,194.3,17,soja,261578.8,152649.69,96145.21,63810.17
PRD000217,64,MG,Minas Gerais - Municipio 17,Sudeste,79.2,7,soja,151399.89,127981.23,86118.18,56956.07
PRD000218,25,TO,Tocantins - Municipio 10,Norte,41.4,25,pecuaria,149795.36,96191.63,125244.48,48307.11
PRD000219,56,GO,Goias - Municipio 31,Centro-Oeste,20.6,35,cana-de-acucar,130077.13,81900.39,49857.95,35061.5
PRD000220,70,PR,Parana - Municipio 29,Sul,52.5,3,milho,203893.13,169263.44,253128.57,50714.9
PRD000221,57,RS,Rio Grande do Sul - Municipio 26,Sul,20.1,28,cana-de-acucar,69968.3,46312.88,671862.75,106681.26
PRD000222,59,BA,Bahia - Municipio 38,Nordeste,171.8,1,soja,495289.96,362996.38,110364.64,25963.25
PRD000223,47,GO,Goias - Municipio 10,Centro-Oeste,60.8,19,cana-de-acucar,368314.21,286981.48,160745.99,42637.82
PRD000224,53,PI,Piaui - Municipio 7,Nordeste,87.1,26,milho,400236.52,253410.85,248947.04,99686.69
PRD000225,69,RS,Rio Grande do Sul - Municipio 32,Sul,16.4,21,cana-de-acucar,123652.93,95947.77,77413.19,83603.29
PRD000226,34,BA,Bahia - Municipio 4,Nordeste,151.8,11,milho,117170.71,85944.74,149352.52,170855.65
PRD000227,45,MT,Mato Grosso - Municipio 32,Centro-Oeste,24.0,13,cana-de-acucar,42707.72,31039.72,164738.51,14530.59
PRD000228,36,SP,Sao Paulo - Municipio 14,Sudeste,67.1,11,algodao,343503.61,288819.41,217250.23,70973.23
PRD000229,41,MG,Minas Gerais - Municipio 18,Sudeste,63.5,1,cafe,191788.94,117110.21,226828.03,183828.21
PRD000230,64,MG,Minas Gerais - Municipio 24,Sudeste,148.9,14,cana-de-acucar,175626.1,147264.03,113864.29,78497.15
PRD000231,63,PI,Piaui - Municipio 20,Nordeste,69.4,7,milho,192328.31,124392.02,95618.57,83202.45
PRD000232,38,RS,Rio Grande do Sul - Municipio 27,Sul,56.6,4,cafe,283188.06,223227.1,321674.56,417159.27
PRD000233,44,MG,Minas Gerais - Municipio 33,Sudeste,131.2,13,algodao,103046.12,81428.21,191391.78,234614.73
PRD000234,36,RS,Rio Grande do Sul - Municipio 20,Sul,31.6,9,cafe,569639.29,424757.85,651470.35,213562.98
PRD000235,34,BA,Bahia - Municipio 33,Nordeste,33.9,30,soja,440904.62,376196.43,1044737.61,145239.08
PRD000236,42,MG,Minas Gerais - Municipio 12,Sudeste,59.1,10,soja,115318.36,79940.66,369552.06,229848.19
PRD000237,27,SP,Sao Paulo - Municipio 9,Sudeste,40.2,29,cana-de-acucar,63650.12,38763.69,271343.92,272554.51
PRD000238,75,MG,Minas Gerais - Municipio 34,Sudeste,77.1,31,milho,171851.31,106512.58,111675.75,50563.03
PRD000239,40,MT,Mato Grosso - Municipio 30,Centro-Oeste,113.4,16,pecuaria,154587.89,112256.74,100239.97,10740.51
PRD000240,68,TO,Tocantins - Municipio 9,Norte,68.4,9,milho,29287.8,19790.87,348721.45,117004.02
PRD000241,60,MT,Mato Grosso - Municipio 4,Centro-Oeste,64.5,24,pecuaria,673047.25,458558.77,309241.42,256335.93
PRD000242,62,GO,Goias - Municipio 1,Centro-Oeste,69.5,8,algodao,169183.25,125457.64,127836.49,117480.46
PRD000243,40,MG,Minas Gerais - Municipio 8,Sudeste,114.4,18,soja,325377.07,226654.09,408442.97,335790.13
PRD000244,52,SP,Sao Paulo - Municipio 22,Sudeste,30.5,17,milho,148886.2,90244.51,278450.31,253460.76
PRD000245,40,MT,Mato Grosso - Municipio 17,Centro-Oeste,13.3,32,cafe,209158.85,122452.4,86185.19,110819.71
PRD000246,24,MT,Mato Grosso - Municipio 1,Centro-Oeste,25.8,3,milho,385064.67,302995.18,118790.82,132339.79
PRD000247,52,RS,Rio Grande do Sul - Municipio 27,Sul,4.4,18,pecuaria,315804.0,217990.7,318489.49,169482.39
PRD000248,65,RS,Rio Grande do Sul - Municipio 9,Sul,22.2,31,cafe,614550.72,376990.73,103022.19,8862.0
PRD000249,61,SP,Sao Paulo - Municipio 7,Sudeste,19.8,3,cafe,223294.64,179377.22,386504.78,351836.1
PRD000250,53,PR,Parana - Municipio 11,Sul,50.3,25,soja,670853.67,371703.72,444945.78,283257.45
PRD000251,73,SP,Sao Paulo - Municipio 37,Sudeste,36.1,18,cafe,99242.36,76928.81,112025.0,69888.84
PRD000252,61,GO,Goias - Municipio 20,Centro-Oeste,147.8,8,cana-de-acucar,75302.95,42361.01,196233.97,204030.17
PRD000253,52,TO,Tocantins - Municipio 24,Norte,13.8,22,pecuaria,167121.1,104955.62,115601.65,95336.39
PRD000254,69,SP,Sao Paulo - Municipio 27,Sudeste,28.4,19,soja,217829.92,127912.51,389688.24,419810.49
PRD000255,51,MS,Mato Grosso do Sul - Municipio 38,Centro-Oeste,67.4,26,cana-de-acucar,113410.08,92429.47,174460.38,203192.77
PRD000256,68,RS,Rio Grande do Sul - Municipio 9,Sul,123.5,28,soja,436649.72,317844.54,269008.06,207995.14
PRD000257,48,MG,Minas Gerais - Municipio 39,Sudeste,101.2,21,pecuaria,200390.08,178913.33,433709.4,93991.24
PRD000258,67,TO,Tocantins - Municipio 12,Norte,19.3,21,cana-de-acucar,242617.27,186441.34,85905.59,76496.11
PRD000259,49,TO,Tocantins - Municipio 1,Norte,85.0,8,cana-de-acucar,406535.88,306520.82,1268249.58,909814.99
PRD000260,65,GO,Goias - Municipio 36,Centro-Oeste,75.8,11,milho,305281.8,225728.49,93498.16,76681.21
PRD000261,57,TO,Tocantins - Municipio 4,Norte,38.4,19,soja,253498.31,173279.76,77620.85,70358.33
PRD000262,40,MS,Mato Grosso do Sul - Municipio 29,Centro-Oeste,148.3,15,milho,410011.12,303947.52,251162.48,315299.9
PRD000263,42,GO,Goias - Municipio 39,Centro-Oeste,30.4,33,soja,138618.19,84047.69,63623.85,6357.66
PRD000264,47,PI,Piaui - Municipio 6,Nordeste,116.5,23,algodao,403935.51,295766.51,212638.49,154981.6
PRD000265,61,PR,Parana - Municipio 16,Sul,316.8,22,soja,160510.39,130563.88,61035.91,49874.05
PRD000266,24,BA,Bahia - Municipio 19,Nordeste,22.2,8,pecuaria,147548.99,95757.84,55809.03,33873.07
PRD000267,49,PR,Parana - Municipio 7,Sul,40.4,7,milho,208134.46,119243.38,374175.3,423262.82
PRD000268,72,TO,Tocantins - Municipio 17,Norte,105.6,5,cana-de-acucar,282194.51,200563.77,103454.79,12190.6
PRD000269,22,GO,Goias - Municipio 40,Centro-Oeste,63.4,17,soja,162415.3,112319.41,88191.87,17451.6
PRD000270,64,PI,Piaui - Municipio 2,Nordeste,35.1,19,cafe,325501.56,188881.01,254596.5,138472.89
PRD000271,22,RS,Rio Grande do Sul - Municipio 36,Sul,58.0,26,cana-de-acucar,101440.46,66374.5,557493.7,695049.45
PRD000272,54,RS,Rio Grande do Sul - Municipio 10,Sul,75.4,6,milho,78290.95,67818.85,92515.88,79324.45
PRD000273,63,RS,Rio Grande do Sul - Municipio 16,Sul,30.7,4,soja,216225.75,124022.11,129797.08,27292.29
PRD000274,73,MS,Mato Grosso do Sul - Municipio 21,Centro-Oeste,346.4,21,cafe,193826.92,151339.63,182269.72,138265.68
PRD000275,71,RS,Rio Grande do Sul - Municipio 20,Sul,10.5,28,cafe,130784.68,103039.11,85433.02,51832.0
PRD000276,47,TO,Tocantins - Municipio 38,Norte,9.9,6,milho,77886.54,50013.45,134614.29,104644.18
PRD000277,40,MT,Mato Grosso - Municipio 9,Centro-Oeste,65.0,35,cafe,171267.62,116125.7,25170.16,24327.8
PRD000278,31,TO,Tocantins - Municipio 31,Norte,56.1,33,algodao,494287.02,296142.05,45319.1,34318.6
PRD000279,51,MT,Mato Grosso - Municipio 3,Centro-Oeste,23.4,5,soja,137388.81,107713.51,149897.16,80212.43
PRD000280,26,BA,Bahia - Municipio 34,Nordeste,72.5,17,algodao,247626.63,168839.48,88933.63,104299.87
PRD000281,26,MG,Minas Gerais - Municipio 33,Sudeste,24.6,23,pecuaria,192824.35,146830.7,133643.09,34347.25
PRD000282,65,MS,Mato Grosso do Sul - Municipio 31,Centro-Oeste,31.6,24,cafe,388211.59,303344.02,111863.73,21441.3
PRD000283,47,PR,Parana - Municipio 39,Sul,81.2,27,cana-de-acucar,220840.99,170122.46,58589.8,16114.94
PRD000284,33,MT,Mato Grosso - Municipio 40,Centro-Oeste,18.0,31,pecuaria,338333.55,284412.4,261405.28,281158.76
PRD000285,55,TO,Tocantins - Municipio 33,Norte,14.6,22,pecuaria,698771.63,401161.31,109906.89,7770.78
PRD000286,52,MG,Minas Gerais - Municipio 9,Sudeste,196.0,12,cana-de-acucar,184385.1,103931.02,291967.27,57487.04
PRD000287,71,TO,Tocantins - Municipio 25,Norte,183.1,34,algodao,92881.93,73764.51,27354.04,17852.73
PRD000288,48,PI,Piaui - Municipio 17,Nordeste,186.5,28,milho,85744.35,54137.23,265010.78,303691.19
PRD000289,38,MT,Mato Grosso - Municipio 17,Centro-Oeste,253.0,34,cana-de-acucar,360192.7,237930.91,106549.14,92108.53
PRD000290,38,MG,Minas Gerais - Municipio 20,Sudeste,70.6,26,cana-de-acucar,334977.2,276130.4,128257.34,95377.19
PRD000291,35,BA,Bahia - Municipio 33,Nordeste,110.3,9,cafe,694679.62,563895.74,104427.14,26341.11
PRD000292,60,BA,Bahia - Municipio 4,Nordeste,181.9,4,milho,182971.08,114836.23,184708.83,173535.29
PRD000293,59,SP,Sao Paulo - Municipio 13,Sudeste,48.5,34,cana-de-acucar,254438.62,160572.36,241195.17,131193.02
PRD000294,36,MT,Mato Grosso - Municipio 39,Centro-Oeste,80.9,6,milho,247078.54,184243.96,158645.51,169654.49
PRD000295,54,SP,Sao Paulo - Municipio 17,Sudeste,260.0,17,cana-de-acucar,90188.57,67237.45,134133.35,26325.18
PRD000296,59,PI,Piaui - Municipio 2,Nordeste,27.3,25,cafe,276444.97,225334.62,429232.54,268656.88
PRD000297,75,GO,Goias - Municipio 17,Centro-Oeste,29.8,15,milho,261943.28,173015.04,485435.11,30171.73
PRD000298,37,MS,Mato Grosso do Sul - Municipio 17,Centro-Oeste,194.9,23,milho,89966.17,55236.94,26436.47,9082.96
PRD000299,70,PR,Parana - Municipio 35,Sul,29.6,23,soja,125186.26,109170.66,272908.44,223043.62
PRD000300,25,SP,Sao Paulo - Municipio 34,Sudeste,40.8,18,cafe,97973.09,85295.61,90430.38,69706.58
PRD000301,45,SP,Sao Paulo - Municipio 40,Sudeste,10.1,12,algodao,187505.64,137136.34,195836.73,34454.49
PRD000302,45,RS,Rio Grande do Sul - Municipio 26,Sul,60.2,31,algodao,459650.53,282395.4,111336.37,110250.25
PRD000303,73,SP,Sao Paulo - Municipio 10,Sudeste,30.9,15,cafe,767921.59,638473.55,226061.69,66706.06
PRD000304,75,MT,Mato Grosso - Municipio 7,Centro-Oeste,20.1,34,cafe,211005.19,151990.64,73944.28,27201.3
PRD000305,63,BA,Bahia - Municipio 35,Nordeste,30.6,17,milho,144613.2,97307.57,248918.27,191932.71
PRD000306,32,MS,Mato Grosso do Sul - Municipio 22,Centro-Oeste,27.5,32,cafe,360968.83,208438.79,178242.51,222044.37
PRD000307,47,PI,Piaui - Municipio 18,Nordeste,113.5,5,cafe,92038.71,60719.66,275190.0,222004.36
PRD000308,66,BA,Bahia - Municipio 6,Nordeste,121.4,29,milho,175157.23,97752.69,336015.83,411803.08
PRD000309,31,RS,Rio Grande do Sul - Municipio 6,Sul,45.8,31,pecuaria,211026.2,145387.43,198136.96,74908.72
PRD000310,51,MG,Minas Gerais - Municipio 35,Sudeste,36.9,19,algodao,183848.26,135010.77,13109.69,14817.9
PRD000311,62,TO,Tocantins - Municipio 35,Norte,3.3,35,algodao,75828.43,58453.61,204354.44,143931.89
PRD000312,53,BA,Bahia - Municipio 31,Nordeste,52.6,6,algodao,178066.85,114128.83,88996.7,5375.08
PRD000313,67,MT,Mato Grosso - Municipio 25,Centro-Oeste,416.5,15,cafe,437494.39,269496.48,338327.81,122599.9
PRD000314,56,PR,Parana - Municipio 18,Sul,29.0,16,cafe,219632.76,167936.85,192051.33,165273.86
PRD000315,31,PR,Parana - Municipio 4,Sul,106.4,19,cana-de-acucar,84196.34,59650.46,229027.24,103246.55
PRD000316,53,MT,Mato Grosso - Municipio 24,Centro-Oeste,31.8,18,cafe,89160.86,49294.49,68221.64,70415.42
PRD000317,37,MT,Mato Grosso - Municipio 25,Centro-Oeste,10.2,10,cafe,75250.52,46449.69,222587.58,224853.99
PRD000318,57,PR,Parana - Municipio 34,Sul,41.9,34,soja,255723.36,175475.59,23764.86,23311.09
PRD000319,29,MS,Mato Grosso do Sul - Municipio 26,Centro-Oeste,52.4,24,milho,135666.78,104669.38,99782.62,39426.61
PRD000320,70,MT,Mato Grosso - Municipio 4,Centro-Oeste,140.5,10,soja,167776.81,101537.6,30623.85,37163.91
PRD000321,50,BA,Bahia - Municipio 13,Nordeste,115.3,7,soja,110682.1,98904.03,678555.43,717169.79
PRD000322,44,MG,Minas Gerais - Municipio 21,Sudeste,42.4,3,pecuaria,192648.36,125828.3,186047.68,52704.22
PRD000323,45,SP,Sao Paulo - Municipio 40,Sudeste,7.0,11,milho,142473.42,96666.71,108681.99,7977.24
PRD000324,48,BA,Bahia - Municipio 21,Nordeste,148.2,35,soja,318995.58,251728.49,205079.66,82834.0
PRD000325,61,GO,Goias - Municipio 38,Centro-Oeste,56.7,9,algodao,110887.64,62223.05,183174.09,121332.14
PRD000326,74,MT,Mato Grosso - Municipio 24,Centro-Oeste,32.3,5,pecuaria,420699.25,325461.71,63318.95,73642.36
PRD000327,36,MT,Mato Grosso - Municipio 35,Centro-Oeste,107.8,3,cafe,1087768.1,627943.92,59193.55,10449.52
PRD000328,66,PR,Parana - Municipio 28,Sul,13.7,12,soja,232997.17,188992.84,315863.51,282102.66
PRD000329,42,RS,Rio Grande do Sul - Municipio 24,Sul,148.9,33,cafe,157662.28,141809.61,118094.81,52427.45
PRD000330,50,MG,Minas Gerais - Municipio 26,Sudeste,114.9,16,soja,218920.77,179076.73,291874.62,365445.91
PRD000331,58,MT,Mato Grosso - Municipio 10,Centro-Oeste,35.3,15,soja,120587.04,98885.36,432323.29,330007.61
PRD000332,35,MT,Mato Grosso - Municipio 5,Centro-Oeste,50.8,17,pecuaria,135672.75,85683.85,213231.31,117223.45
PRD000333,71,BA,Bahia - Municipio 22,Nordeste,94.3,7,algodao,234090.62,188624.67,149284.5,17899.72
PRD000334,66,MG,Minas Gerais - Municipio 15,Sudeste,20.6,15,milho,235115.38,172465.17,75362.04,34556.47
PRD000335,47,MT,Mato Grosso - Municipio 17,Centro-Oeste,62.0,28,soja,131033.12,78130.62,35001.25,3907.5
PRD000336,69,MG,Minas Gerais - Municipio 34,Sudeste,55.3,9,milho,364471.96,225731.33,95306.57,71619.03
PRD000337,73,PR,Parana - Municipio 29,Sul,45.6,21,cana-de-acucar,115633.57,94748.81,66301.24,71405.11
PRD000338,61,RS,Rio Grande do Sul - Municipio 10,Sul,16.2,15,algodao,111755.03,91103.46,229907.55,27168.75
PRD000339,38,MT,Mato Grosso - Municipio 36,Centro-Oeste,15.9,20,cafe,186957.11,116502.95,142274.09,100172.68
PRD000340,66,PI,Piaui - Municipio 40,Nordeste,82.6,2,algodao,41066.53,30158.43,93238.75,28052.75
PRD000341,63,MT,Mato Grosso - Municipio 25,Centro-Oeste,20.4,5,milho,165460.68,140348.55,672654.8,49674.15
PRD000342,55,MG,Minas Gerais - Municipio 20,Sudeste,57.1,21,algodao,189905.87,110298.7,178023.28,17747.23
PRD000343,46,SP,Sao Paulo - Municipio 2,Sudeste,44.9,23,cana-de-acucar,280226.81,183776.71,95997.35,35720.54
PRD000344,31,MS,Mato Grosso do Sul - Municipio 28,Centro-Oeste,28.7,26,algodao,244407.53,167119.15,166539.2,58363.83
PRD000345,55,PI,Piaui - Municipio 9,Nordeste,30.7,14,cafe,307744.21,242938.52,82948.63,75538.42
PRD000346,68,RS,Rio Grande do Sul - Municipio 2,Sul,95.0,11,algodao,121163.31,106867.32,61852.93,71102.89
PRD000347,60,MG,Minas Gerais - Municipio 15,Sudeste,151.7,18,milho,118814.68,70818.43,200175.92,163233.96
PRD000348,36,MT,Mato Grosso - Municipio 3,Centro-Oeste,27.2,31,cafe,178609.61,109736.27,99354.59,25308.89
PRD000349,37,MT,Mato Grosso - Municipio 28,Centro-Oeste,14.8,13,cafe,276918.58,242161.46,130555.65,81196.63
PRD000350,24,MT,Mato Grosso - Municipio 34,Centro-Oeste,141.0,21,soja,24623.25,18471.8,153029.45,142338.92
PRD000351,25,SP,Sao Paulo - Municipio 13,Sudeste,31.7,16,algodao,206315.24,166560.26,156946.25,131569.72
PRD000352,75,SP,Sao Paulo - Municipio 29,Sudeste,43.5,19,soja,183437.54,140255.79,37584.4,8561.71
PRD000353,67,TO,Tocantins - Municipio 11,Norte,20.9,29,pecuaria,69961.82,60434.15,57981.92,49906.23
PRD000354,32,GO,Goias - Municipio 10,Centro-Oeste,68.5,25,milho,233328.0,173274.29,22982.08,25931.61
PRD000355,60,MT,Mato Grosso - Municipio 32,Centro-Oeste,45.6,29,milho,145861.32,126095.6,132389.79,140242.91
PRD000356,74,PR,Parana - Municipio 14,Sul,70.9,27,soja,166869.51,92162.12,275560.35,230311.76
PRD000357,58,RS,Rio Grande do Sul - Municipio 36,Sul,11.4,3,milho,251799.78,167670.67,55674.14,51487.92
PRD000358,57,SP,Sao Paulo - Municipio 5,Sudeste,99.7,3,algodao,98982.63,67209.14,111501.7,65134.25
PRD000359,60,SP,Sao Paulo - Municipio 19,Sudeste,8.6,18,cafe,140105.01,87347.89,139182.95,132932.62
PRD000360,61,PI,Piaui - Municipio 15,Nordeste,112.8,23,pecuaria,751442.3,543848.04,249258.86,264208.27
PRD000361,65,MS,Mato Grosso do Sul - Municipio 22,Centro-Oeste,44.7,14,algodao,56958.88,37463.02,135074.24,7788.93
PRD000362,24,MG,Minas Gerais - Municipio 9,Sudeste,134.6,2,cafe,326023.33,274459.11,405389.59,260716.41
PRD000363,57,RS,Rio Grande do Sul - Municipio 35,Sul,336.8,35,soja,481434.19,401977.48,142411.66,127849.64
PRD000364,33,PR,Parana - Municipio 39,Sul,65.3,23,soja,369231.63,251570.16,140983.42,113789.32
PRD000365,55,MS,Mato Grosso do Sul - Municipio 20,Centro-Oeste,86.7,3,milho,147195.51,126141.7,47409.74,20304.92
PRD000366,52,GO,Goias - Municipio 34,Centro-Oeste,44.6,13,algodao,485247.52,271120.97,127059.15,36563.13
PRD000367,51,BA,Bahia - Municipio 3,Nordeste,74.8,3,soja,167642.08,122851.59,250885.16,39851.82
PRD000368,42,TO,Tocantins - Municipio 29,Norte,274.6,2,pecuaria,227613.64,196259.28,98277.67,38899.47
PRD000369,40,GO,Goias - Municipio 37,Centro-Oeste,36.0,8,milho,203064.97,136583.8,99688.51,92754.39
PRD000370,67,RS,Rio Grande do Sul - Municipio 39,Sul,9.9,22,cana-de-acucar,209259.77,117216.32,111881.49,60404.36
PRD000371,66,SP,Sao Paulo - Municipio 30,Sudeste,70.9,13,soja,432261.7,318455.72,126218.86,134557.35
PRD000372,33,SP,Sao Paulo - Municipio 22,Sudeste,24.0,30,algodao,101411.14,60877.37,277049.23,139719.16
PRD000373,28,SP,Sao Paulo - Municipio 26,Sudeste,53.5,8,pecuaria,142752.54,87047.72,337608.35,70642.02
PRD000374,46,GO,Goias - Municipio 5,Centro-Oeste,25.4,20,algodao,212272.88,147466.96,192331.32,243753.92
PRD000375,67,PR,Parana - Municipio 37,Sul,178.6,28,cafe,224740.09,178206.89,34270.3,33386.43
PRD000376,53,GO,Goias - Municipio 4,Centro-Oeste,71.2,7,soja,317872.14,281176.73,877702.55,459599.08
PRD000377,35,PR,Parana - Municipio 21,Sul,302.2,1,algodao,494029.47,350040.16,63301.14,38547.21
PRD000378,67,PI,Piaui - Municipio 25,Nordeste,225.5,28,cafe,261312.68,221246.35,106014.91,88153.29
PRD000379,23,MG,Minas Gerais - Municipio 10,Sudeste,48.1,12,pecuaria,191535.2,131126.58,174486.78,24372.75
PRD000380,49,SP,Sao Paulo - Municipio 39,Sudeste,28.5,27,soja,260737.12,182110.18,272102.49,90385.96
PRD000381,66,PI,Piaui - Municipio 6,Nordeste,54.0,33,milho,218570.42,123110.39,128493.37,99625.53
PRD000382,65,TO,Tocantins - Municipio 35,Norte,122.1,6,cana-de-acucar,213615.33,135823.24,227132.0,201215.43
PRD000383,73,MS,Mato Grosso do Sul - Municipio 19,Centro-Oeste,333.7,35,algodao,373151.7,272188.82,113705.34,65524.99
PRD000384,27,RS,Rio Grande do Sul - Municipio 9,Sul,223.7,17,cana-de-acucar,73152.58,44562.92,411860.19,168252.95
PRD000385,69,GO,Goias - Municipio 10,Centro-Oeste,115.7,9,pecuaria,240833.62,154117.74,307535.93,365249.46
PRD000386,74,SP,Sao Paulo - Municipio 10,Sudeste,42.8,16,cafe,181630.37,154695.5,105286.39,24356.72
PRD000387,51,MG,Minas Gerais - Municipio 26,Sudeste,94.4,29,cafe,275382.31,207146.73,22209.73,2568.64
PRD000388,40,MS,Mato Grosso do Sul - Municipio 29,Centro-Oeste,26.9,35,cafe,72360.92,49677.56,66582.8,39511.43
PRD000389,69,BA,Bahia - Municipio 16,Nordeste,15.1,18,pecuaria,151690.22,88647.29,188699.44,191801.43
PRD000390,24,PI,Piaui - Municipio 2,Nordeste,130.3,12,cana-de-acucar,158815.59,125452.38,63468.43,23157.73
PRD000391,58,GO,Goias - Municipio 12,Centro-Oeste,10.1,14,soja,264061.41,224387.32,30387.37,35701.26
PRD000392,42,RS,Rio Grande do Sul - Municipio 17,Sul,26.7,5,milho,1716592.31,1110179.03,47227.18,47810.47
PRD000393,34,GO,Goias - Municipio 40,Centro-Oeste,37.8,25,cafe,160524.14,141977.5,74806.41,49720.25
PRD000394,53,RS,Rio Grande do Sul - Municipio 10,Sul,70.2,35,pecuaria,300391.35,232853.87,151851.3,92227.28
PRD000395,71,MT,Mato Grosso - Municipio 5,Centro-Oeste,16.4,26,cana-de-acucar,239176.43,210228.64,130263.85,143949.56
PRD000396,27,PR,Parana - Municipio 24,Sul,140.9,35,cana-de-acucar,449062.7,354149.93,91957.09,114811.17
PRD000397,28,BA,Bahia - Municipio 23,Nordeste,16.5,19,cafe,246606.59,139028.39,109479.16,100704.72
PRD000398,56,GO,Goias - Municipio 20,Centro-Oeste,157.3,13,cafe,116325.75,93282.63,171055.37,22021.8
PRD000399,56,TO,Tocantins - Municipio 10,Norte,37.5,3,pecuaria,172139.05,134070.06,226301.7,257474.77
PRD000400,22,PI,Piaui - Municipio 12,Nordeste,35.0,10,pecuaria,196104.87,170123.45,165134.52,142178.02
PRD000401,49,MT,Mato Grosso - Municipio 22,Centro-Oeste,11.0,5,pecuaria,304688.34,220594.43,225661.23,238200.53
PRD000402,66,MG,Minas Gerais - Municipio 24,Sudeste,62.5,14,cana-de-acucar,433556.78,289367.2,72685.62,41353.97
PRD000403,66,RS,Rio Grande do Sul - Municipio 31,Sul,15.3,3,pecuaria,256390.78,155171.23,267906.76,108412.34
PRD000404,61,RS,Rio Grande do Sul - Municipio 6,Sul,15.5,34,pecuaria,183824.09,112333.45,255651.38,241973.63
PRD000405,52,MS,Mato Grosso do Sul - Municipio 32,Centro-Oeste,34.4,34,milho,202177.51,155527.57,71339.21,78810.36
PRD000406,69,RS,Rio Grande do Sul - Municipio 4,Sul,71.8,24,cana-de-acucar,125924.08,83991.75,754265.68,78554.4
PRD000407,71,RS,Rio Grande do Sul - Municipio 8,Sul,56.0,16,algodao,381851.85,253584.11,37070.74,16945.27
PRD000408,33,PR,Parana - Municipio 25,Sul,136.3,15,algodao,57853.26,32919.59,119098.44,96683.15
PRD000409,40,RS,Rio Grande do Sul - Municipio 39,Sul,50.4,23,milho,46422.14,26501.38,124418.99,59655.17
PRD000410,69,PI,Piaui - Municipio 16,Nordeste,240.9,15,milho,20000,15141.07,253117.75,243631.45
PRD000411,47,BA,Bahia - Municipio 31,Nordeste,47.9,10,pecuaria,179276.71,160801.48,254309.22,148039.01
PRD000412,23,GO,Goias - Municipio 31,Centro-Oeste,49.6,1,pecuaria,293875.47,184054.87,103220.36,134051.21
PRD000413,62,MS,Mato Grosso do Sul - Municipio 30,Centro-Oeste,20.8,2,pecuaria,577757.8,345798.66,187596.18,213754.54
PRD000414,65,MT,Mato Grosso - Municipio 6,Centro-Oeste,135.7,3,cana-de-acucar,73976.69,58761.11,191661.95,59210.71
PRD000415,67,BA,Bahia - Municipio 14,Nordeste,80.2,24,milho,130119.56,88214.54,48527.69,6490.94
PRD000416,42,BA,Bahia - Municipio 23,Nordeste,34.6,31,algodao,628273.82,537108.77,411623.94,412079.76
PRD000417,74,TO,Tocantins - Municipio 35,Norte,80.2,5,algodao,150403.84,109119.12,312903.82,223688.87
PRD000418,31,SP,Sao Paulo - Municipio 14,Sudeste,138.8,5,cana-de-acucar,88137.21,53991.46,79369.94,18647.38
PRD000419,63,MT,Mato Grosso - Municipio 21,Centro-Oeste,58.8,23,cafe,137905.49,76884.9,138766.25,107319.15
PRD000420,45,PI,Piaui - Municipio 19,Nordeste,94.2,29,soja,176923.09,152932.08,37788.98,12601.77
PRD000421,64,RS,Rio Grande do Sul - Municipio 10,Sul,36.0,11,milho,235567.83,173698.49,78529.52,73436.01
PRD000422,56,PR,Parana - Municipio 11,Sul,67.1,24,cana-de-acucar,83618.28,47005.28,90863.72,46898.73
PRD000423,50,MS,Mato Grosso do Sul - Municipio 22,Centro-Oeste,63.1,19,pecuaria,190210.03,167461.54,43737.35,51767.57
PRD000424,72,GO,Goias - Municipio 18,Centro-Oeste,15.8,20,milho,117881.16,78300.0,160238.45,113455.6
PRD000425,49,MT,Mato Grosso - Municipio 24,Centro-Oeste,183.7,32,cafe,114215.53,100531.45,320403.81,75273.24
PRD000426,30,BA,Bahia - Municipio 38,Nordeste,17.3,20,cana-de-acucar,331922.52,276154.72,408558.9,478232.91
PRD000427,70,GO,Goias - Municipio 9,Centro-Oeste,24.8,34,milho,86086.19,74898.75,102320.98,95957.51
PRD000428,38,RS,Rio Grande do Sul - Municipio 20,Sul,112.4,32,pecuaria,354058.7,264038.7,126558.14,6714.97
PRD000429,26,SP,Sao Paulo - Municipio 39,Sudeste,9.6,19,pecuaria,163441.32,129240.43,89519.49,35496.38
PRD000430,38,BA,Bahia - Municipio 11,Nordeste,72.8,17,cana-de-acucar,266560.33,211378.55,45660.35,35116.44
PRD000431,26,MT,Mato Grosso - Municipio 33,Centro-Oeste,19.8,9,milho,165905.73,112219.83,55582.38,47171.83
PRD000432,66,RS,Rio Grande do Sul - Municipio 24,Sul,151.2,11,soja,299996.1,251813.04,191607.36,173750.44
PRD000433,35,TO,Tocantins - Municipio 10,Norte,109.9,1,cana-de-acucar,108367.41,89141.16,28938.29,7344.15
PRD000434,29,PR,Parana - Municipio 9,Sul,73.1,34,soja,843865.66,671542.14,271771.84,324777.93
PRD000435,31,SP,Sao Paulo - Municipio 15,Sudeste,25.6,9,algodao,326444.61,218625.11,232158.66,260254.27
PRD000436,70,RS,Rio Grande do Sul - Municipio 7,Sul,33.5,8,soja,202239.21,119649.32,92686.65,81979.77
PRD000437,74,PI,Piaui - Municipio 38,Nordeste,25.8,6,soja,105223.95,70844.25,182247.73,24680.22
PRD000438,65,TO,Tocantins - Municipio 7,Norte,31.8,19,milho,40039.37,22082.32,118782.03,33426.12
PRD000439,42,BA,Bahia - Municipio 32,Nordeste,198.4,33,soja,137477.03,122988.94,251311.73,25322.35
PRD000440,73,MG,Minas Gerais - Municipio 31,Sudeste,23.7,20,pecuaria,817083.51,513991.04,66817.11,78072.01
PRD000441,69,BA,Bahia - Municipio 11,Nordeste,53.8,29,soja,216236.98,127953.1,83002.07,105575.61
PRD000442,63,BA,Bahia - Municipio 26,Nordeste,165.6,26,algodao,289188.72,231270.82,155537.05,161271.07
PRD000443,61,SP,Sao Paulo - Municipio 40,Sudeste,20.1,8,soja,109586.47,84373.9,80650.68,19430.43
PRD000444,56,GO,Goias - Municipio 35,Centro-Oeste,91.7,32,soja,308809.2,241406.23,130859.21,62749.55
PRD000445,32,MT,Mato Grosso - Municipio 32,Centro-Oeste,18.7,25,cafe,185061.36,113239.83,359211.81,415204.05
PRD000446,32,RS,Rio Grande do Sul - Municipio 33,Sul,34.0,8,soja,233819.77,173920.84,147557.13,111083.85
PRD000447,75,MG,Minas Gerais - Municipio 24,Sudeste,22.3,25,algodao,246956.52,220340.54,103413.53,11003.0
PRD000448,27,PI,Piaui - Municipio 5,Nordeste,41.6,23,algodao,542844.18,309289.4,84235.28,37074.0
PRD000449,46,GO,Goias - Municipio 37,Centro-Oeste,33.2,28,cafe,455372.16,292948.47,255951.82,328182.95
PRD000450,41,BA,Bahia - Municipio 24,Nordeste,97.9,7,cafe,265304.91,192042.55,481726.38,124422.23
PRD000451,27,PR,Parana - Municipio 38,Sul,52.9,5,soja,479556.58,311987.26,112005.68,109609.88
PRD000452,49,PI,Piaui - Municipio 35,Nordeste,41.7,34,algodao,191456.93,158617.88,179492.65,189393.18
PRD000453,74,PR,Parana - Municipio 30,Sul,45.8,33,algodao,156775.2,96136.17,432083.9,136621.04
PRD000454,42,TO,Tocantins - Municipio 5,Norte,79.2,13,pecuaria,164186.23,98949.36,191655.72,113888.72
PRD000455,37,PR,Parana - Municipio 20,Sul,113.1,19,cafe,251667.72,191376.01,115180.77,33390.33
PRD000456,63,SP,Sao Paulo - Municipio 3,Sudeste,64.3,3,pecuaria,121532.67,68082.56,231063.65,170613.39
PRD000457,69,SP,Sao Paulo - Municipio 33,Sudeste,133.3,20,soja,166803.23,130123.32,190627.3,36203.07
PRD000458,69,TO,Tocantins - Municipio 16,Norte,99.9,34,cafe,138918.97,115627.89,75838.13,40758.32
PRD000459,42,PR,Parana - Municipio 35,Sul,28.1,18,cafe,180327.68,136385.13,130462.18,161236.72
PRD000460,41,SP,Sao Paulo - Municipio 24,Sudeste,25.9,20,pecuaria,443106.19,346410.76,224426.37,166279.71
PRD000461,50,GO,Goias - Municipio 21,Centro-Oeste,58.6,29,pecuaria,45041.9,30968.17,84137.32,97835.58
PRD000462,60,MG,Minas Gerais - Municipio 36,Sudeste,101.0,6,pecuaria,187374.24,158220.16,231374.62,113332.02
PRD000463,29,BA,Bahia - Municipio 11,Nordeste,50.7,4,milho,244748.26,172594.45,73663.99,56703.72
PRD000464,38,TO,Tocantins - Municipio 12,Norte,225.6,9,pecuaria,748542.12,619362.32,82854.26,80282.89
PRD000465,57,PI,Piaui - Municipio 40,Nordeste,24.7,12,pecuaria,161877.99,136323.55,147068.11,11576.12
PRD000466,55,PR,Parana - Municipio 28,Sul,11.5,11,cafe,229053.02,202783.27,46809.7,3166.38
PRD000467,72,SP,Sao Paulo - Municipio 10,Sudeste,100.7,32,soja,154969.28,96439.26,195598.76,53880.09
PRD000468,46,MS,Mato Grosso do Sul - Municipio 28,Centro-Oeste,49.4,30,pecuaria,77912.9,66615.94,392668.95,123797.56
PRD000469,73,PI,Piaui - Municipio 3,Nordeste,36.0,4,soja,188327.95,143549.41,435964.67,408480.35
PRD000470,51,MS,Mato Grosso do Sul - Municipio 9,Centro-Oeste,55.2,26,soja,251954.65,217255.22,54536.65,25848.79
PRD000471,42,BA,Bahia - Municipio 28,Nordeste,96.8,17,milho,979054.47,855872.74,255257.11,96920.47
PRD000472,33,BA,Bahia - Municipio 3,Nordeste,112.0,10,cafe,472895.52,365467.03,120385.8,14230.68
PRD000473,31,MS,Mato Grosso do Sul - Municipio 8,Centro-Oeste,20.6,8,algodao,84374.48,67344.35,128019.36,141755.57
PRD000474,22,GO,Goias - Municipio 34,Centro-Oeste,28.8,11,cana-de-acucar,1079081.4,806221.19,177064.98,229742.82
PRD000475,59,RS,Rio Grande do Sul - Municipio 7,Sul,47.5,32,algodao,1310832.79,732869.26,290445.96,157628.58
PRD000476,73,RS,Rio Grande do Sul - Municipio 37,Sul,14.2,31,milho,58012.3,43971.67,54443.29,52695.63
PRD000477,47,PR,Parana - Municipio 6,Sul,10.4,5,soja,229208.39,133489.33,85632.81,86797.15
PRD000478,30,PR,Parana - Municipio 23,Sul,14.3,10,pecuaria,81240.5,56976.03,245102.41,222112.4
PRD000479,45,GO,Goias - Municipio 40,Centro-Oeste,156.3,32,milho,178604.86,115015.78,155028.85,89633.1
PRD000480,62,MG,Minas Gerais - Municipio 34,Sudeste,68.2,33,soja,139490.91,87667.33,180322.9,120663.58
PRD000481,24,MS,Mato Grosso do Sul - Municipio 33,Centro-Oeste,51.8,31,soja,272768.95,173761.66,105886.8,78223.12
PRD000482,24,TO,Tocantins - Municipio 6,Norte,48.0,17,cafe,130766.72,107101.39,105002.4,115884.56
PRD000483,69,MS,Mato Grosso do Sul - Municipio 39,Centro-Oeste,19.3,29,algodao,243362.25,216191.31,249449.97,70185.05
PRD000484,60,GO,Goias - Municipio 32,Centro-Oeste,49.2,26,algodao,114032.23,81760.19,990631.58,1245476.27
PRD000485,52,PI,Piaui - Municipio 10,Nordeste,192.8,26,pecuaria,296847.28,177303.88,185613.05,15502.24
PRD000486,31,PR,Parana - Municipio 29,Sul,41.9,35,cafe,116898.23,83254.8,128477.09,33099.79
PRD000487,53,SP,Sao Paulo - Municipio 38,Sudeste,14.2,16,cana-de-acucar,86424.39,72755.81,248653.7,316874.0
PRD000488,63,TO,Tocantins - Municipio 27,Norte,39.7,32,cafe,141103.25,78546.09,168504.06,64842.23
PRD000489,54,GO,Goias - Municipio 15,Centro-Oeste,47.9,23,cana-de-acucar,178069.55,107993.25,239168.79,142936.44
PRD000490,32,BA,Bahia - Municipio 40,Nordeste,102.0,19,milho,308434.22,214639.8,92645.98,117074.6
PRD000491,41,MS,Mato Grosso do Sul - Municipio 16,Centro-Oeste,75.4,31,milho,113959.73,86838.7,52163.26,67405.84
PRD000492,53,TO,Tocantins - Municipio 17,Norte,136.3,11,algodao,203134.88,135736.18,67164.27,50539.56
PRD000493,28,BA,Bahia - Municipio 36,Nordeste,333.3,18,soja,617886.85,362359.56,358710.07,402825.76
PRD000494,43,TO,Tocantins - Municipio 9,Norte,10.5,14,soja,127136.29,92436.2,189917.24,163113.5
PRD000495,70,PR,Parana - Municipio 27,Sul,46.5,1,algodao,40035.18,26802.03,134260.28,69217.28
PRD000496,22,PR,Parana - Municipio 34,Sul,46.7,28,soja,166701.83,118452.25,109587.3,25422.1
PRD000497,41,GO,Goias - Municipio 21,Centro-Oeste,36.0,11,algodao,174470.94,98224.14,50532.92,46792.88
PRD000498,73,MT,Mato Grosso - Municipio 26,Centro-Oeste,66.7,26,milho,183267.74,135718.71,415511.68,383034.75
PRD000499,70,MS,Mato Grosso do Sul - Municipio 11,Centro-Oeste,13.6,25,soja,562349.37,334092.87,38300.65,26874.41
PRD000500,44,MT,Mato Grosso - Municipio 8,Centro-Oeste,202.3,17,soja,50243.05,40409.39,50858.9,42402.94
PRD000501,40,GO,Goias - Municipio 37,Centro-Oeste,45.4,1,pecuaria,418960.42,322478.24,149187.36,72791.71
PRD000502,49,RS,Rio Grande do Sul - Municipio 27,Sul,108.7,16,soja,74577.89,46043.97,268486.94,62608.89
PRD000503,66,GO,Goias - Municipio 32,Centro-Oeste,51.1,24,pecuaria,283660.35,211508.21,183186.75,237344.03
PRD000504,51,MG,Minas Gerais - Municipio 31,Sudeste,97.9,9,soja,192194.18,170824.33,138473.19,127130.63
PRD000505,45,RS,Rio Grande do Sul - Municipio 20,Sul,161.9,8,algodao,244338.93,144722.74,147653.78,35677.68
PRD000506,24,MS,Mato Grosso do Sul - Municipio 27,Centro-Oeste,8.1,20,cafe,360630.52,301737.31,130937.65,63610.97
PRD000507,51,PI,Piaui - Municipio 29,Nordeste,31.9,22,pecuaria,378446.2,303518.29,245106.49,166906.45
PRD000508,64,SP,Sao Paulo - Municipio 29,Sudeste,7.5,6,pecuaria,581366.07,403101.74,72657.96,52767.34
PRD000509,34,MS,Mato Grosso do Sul - Municipio 40,Centro-Oeste,293.2,2,cana-de-acucar,303803.3,242310.35,146622.11,109847.97
PRD000510,47,PI,Piaui - Municipio 38,Nordeste,62.5,33,soja,70329.86,60531.47,89641.91,72481.63
PRD000511,38,SP,Sao Paulo - Municipio 6,Sudeste,46.2,34,milho,147971.47,87321.76,68799.96,15826.94
PRD000512,29,MS,Mato Grosso do Sul - Municipio 4,Centro-Oeste,9.8,20,milho,163672.6,113668.65,90552.67,98220.38
PRD000513,26,PR,Parana - Municipio 31,Sul,139.8,32,soja,202985.69,179089.19,83742.07,62086.48
PRD000514,27,MG,Minas Gerais - Municipio 33,Sudeste,595.9,2,milho,262757.94,195530.69,233959.01,130650.29
PRD000515,25,RS,Rio Grande do Sul - Municipio 31,Sul,140.0,28,algodao,690673.9,389973.29,214825.38,55688.56
PRD000516,26,PI,Piaui - Municipio 20,Nordeste,16.4,23,soja,335158.2,282953.78,93161.99,66854.13
PRD000517,35,MG,Minas Gerais - Municipio 30,Sudeste,332.8,18,cana-de-acucar,353499.47,256883.5,52975.34,23947.39
PRD000518,63,BA,Bahia - Municipio 5,Nordeste,37.8,12,cana-de-acucar,73446.71,58474.96,290658.41,300579.03
PRD000519,51,MT,Mato Grosso - Municipio 24,Centro-Oeste,49.6,25,milho,366772.97,224470.68,448586.86,27157.1
PRD000520,60,SP,Sao Paulo - Municipio 14,Sudeste,190.4,23,soja,435822.47,273435.75,38045.28,35384.38
PRD000521,26,PR,Parana - Municipio 38,Sul,23.8,33,milho,195625.02,152772.08,177002.74,133889.35
PRD000522,63,GO,Goias - Municipio 4,Centro-Oeste,88.9,2,algodao,209598.87,156369.27,48142.28,40979.09
PRD000523,50,MG,Minas Gerais - Municipio 21,Sudeste,133.8,8,soja,298230.88,201757.71,78940.74,45397.05
PRD000524,73,MG,Minas Gerais - Municipio 22,Sudeste,32.7,2,algodao,370834.76,246689.9,42588.16,3408.31
PRD000525,50,PR,Parana - Municipio 38,Sul,24.7,22,soja,205039.05,118003.83,170134.96,28852.92
PRD000526,48,GO,Goias - Municipio 15,Centro-Oeste,9.8,5,cana-de-acucar,251213.39,147120.52,297351.29,244311.99
PRD000527,28,PI,Piaui - Municipio 1,Nordeste,16.0,28,cana-de-acucar,658847.75,440680.71,121319.66,35255.69
PRD000528,73,GO,Goias - Municipio 3,Centro-Oeste,134.4,9,soja,248152.87,173050.01,232136.18,82162.42
PRD000529,45,RS,Rio Grande do Sul - Municipio 1,Sul,32.6,23,cana-de-acucar,27571.86,22648.17,66173.48,31672.31
PRD000530,34,PI,Piaui - Municipio 5,Nordeste,72.6,16,algodao,209354.85,178065.88,116664.43,35053.56
PRD000531,72,PR,Parana - Municipio 3,Sul,127.6,30,cafe,237783.16,178918.46,116634.44,72065.81
PRD000532,46,PR,Parana - Municipio 14,Sul,328.6,15,cafe,188891.87,135673.7,971903.43,1029332.36
PRD000533,34,RS,Rio Grande do Sul - Municipio 13,Sul,16.8,8,algodao,92281.97,71146.36,322833.24,409719.48
PRD000534,29,RS,Rio Grande do Sul - Municipio 22,Sul,30.3,12,milho,129083.47,79062.27,197229.73,203988.32
PRD000535,72,MS,Mato Grosso do Sul - Municipio 10,Centro-Oeste,49.0,24,algodao,109595.85,74633.61,162165.74,116651.56
PRD000536,45,PR,Parana - Municipio 32,Sul,33.5,31,cana-de-acucar,492570.98,299779.56,36099.63,35699.66
PRD000537,59,SP,Sao Paulo - Municipio 3,Sudeste,9.7,34,milho,452007.75,326881.7,78375.02,94166.14
PRD000538,57,PR,Parana - Municipio 6,Sul,166.1,16,milho,166021.04,142952.11,608397.44,314927.32
PRD000539,73,GO,Goias - Municipio 32,Centro-Oeste,28.3,15,algodao,240037.91,184203.66,110141.8,61810.58
PRD000540,27,MS,Mato Grosso do Sul - Municipio 18,Centro-Oeste,43.8,15,milho,146595.59,126880.91,75658.53,55481.52
PRD000541,39,GO,Goias - Municipio 13,Centro-Oeste,21.7,35,pecuaria,127008.87,84490.68,30698.35,27764.33
PRD000542,70,PI,Piaui - Municipio 10,Nordeste,244.1,17,cafe,163671.61,123242.07,199524.85,137833.51
PRD000543,27,PR,Parana - Municipio 21,Sul,10.2,31,milho,91651.35,68135.02,105750.51,50318.68
PRD000544,64,MG,Minas Gerais - Municipio 23,Sudeste,217.2,14,algodao,120482.86,67535.03,48160.47,32496.29
PRD000545,30,PR,Parana - Municipio 10,Sul,36.7,26,algodao,551222.97,360981.05,175602.46,15850.1
PRD000546,41,PI,Piaui - Municipio 6,Nordeste,90.5,26,milho,149922.73,92340.19,38265.59,23511.11
PRD000547,45,GO,Goias - Municipio 34,Centro-Oeste,75.8,32,soja,444353.62,276415.64,72926.4,45092.55
PRD000548,64,RS,Rio Grande do Sul - Municipio 31,Sul,20.4,5,milho,49878.58,31037.84,278332.17,298475.11
PRD000549,55,PI,Piaui - Municipio 22,Nordeste,64.6,13,cana-de-acucar,200672.71,129715.71,49212.59,52138.64
PRD000550,33,SP,Sao Paulo - Municipio 27,Sudeste,47.2,6,milho,166860.79,133334.58,64967.29,69026.51
PRD000551,68,RS,Rio Grande do Sul - Municipio 14,Sul,26.3,12,cafe,258740.25,205575.77,155650.91,20768.47
PRD000552,38,MG,Minas Gerais - Municipio 8,Sudeste,33.5,17,pecuaria,294176.72,197180.83,112253.81,10913.13
PRD000553,39,RS,Rio Grande do Sul - Municipio 11,Sul,18.9,32,milho,188984.34,147399.83,224429.45,143294.76
PRD000554,44,MT,Mato Grosso - Municipio 12,Centro-Oeste,66.7,8,milho,212844.26,122844.1,408936.86,98909.8
PRD000555,46,MT,Mato Grosso - Municipio 20,Centro-Oeste,199.6,29,cafe,843265.34,703307.87,263662.13,308817.53
PRD000556,36,MT,Mato Grosso - Municipio 7,Centro-Oeste,64.0,25,pecuaria,163130.68,94939.65,101041.21,89541.39
PRD000557,49,RS,Rio Grande do Sul - Municipio 8,Sul,78.4,33,milho,98698.24,73699.85,77856.92,56611.97
PRD000558,63,PR,Parana - Municipio 40,Sul,22.2,1,algodao,167398.11,114871.15,125420.1,134056.04
PRD000559,58,MT,Mato Grosso - Municipio 11,Centro-Oeste,23.2,20,algodao,377765.58,338729.55,538932.95,648217.71
PRD000560,43,GO,Goias - Municipio 2,Centro-Oeste,139.9,9,cana-de-acucar,114335.07,98258.24,24761.73,16161.06
PRD000561,37,PI,Piaui - Municipio 40,Nordeste,46.5,15,soja,201572.55,111802.64,67800.0,39705.19
PRD000562,69,MT,Mato Grosso - Municipio 22,Centro-Oeste,17.9,13,milho,117506.07,66187.33,565679.6,697112.78
PRD000563,56,MS,Mato Grosso do Sul - Municipio 4,Centro-Oeste,14.5,3,pecuaria,607664.44,472043.61,271578.97,95816.11
PRD000564,26,PR,Parana - Municipio 13,Sul,252.8,15,soja,245194.97,162459.55,123058.35,139958.37
PRD000565,33,RS,Rio Grande do Sul - Municipio 39,Sul,17.9,14,milho,140996.85,113325.68,52592.4,18731.11
PRD000566,50,MS,Mato Grosso do Sul - Municipio 28,Centro-Oeste,29.9,13,cana-de-acucar,56804.1,32833.09,391505.71,101676.99
PRD000567,38,PI,Piaui - Municipio 25,Nordeste,248.0,31,cafe,78260.22,66436.26,155467.52,148986.12
PRD000568,47,MS,Mato Grosso do Sul - Municipio 24,Centro-Oeste,48.7,31,cafe,190294.09,117291.38,244786.89,295485.64
PRD000569,69,SP,Sao Paulo - Municipio 16,Sudeste,294.7,23,milho,203325.48,160824.62,288468.8,348513.13
PRD000570,75,SP,Sao Paulo - Municipio 11,Sudeste,102.0,10,soja,117436.64,92583.91,57090.56,70776.47
PRD000571,75,GO,Goias - Municipio 28,Centro-Oeste,177.1,25,algodao,147716.83,127826.53,137497.72,79567.33
PRD000572,74,MS,Mato Grosso do Sul - Municipio 10,Centro-Oeste,54.7,25,algodao,293171.76,238454.71,37998.71,39781.51
PRD000573,49,PR,Parana - Municipio 11,Sul,164.5,20,milho,196613.4,161382.3,109824.74,45074.85
PRD000574,48,BA,Bahia - Municipio 29,Nordeste,31.2,32,pecuaria,144468.41,88844.22,215395.82,253702.16
PRD000575,65,PI,Piaui - Municipio 7,Nordeste,10.4,6,soja,133355.06,86262.96,78997.82,51140.93
PRD000576,45,MT,Mato Grosso - Municipio 22,Centro-Oeste,183.3,3,algodao,72145.83,39863.58,126069.27,73979.59
PRD000577,37,PR,Parana - Municipio 24,Sul,44.7,23,cafe,97103.51,84845.45,314572.93,311206.9
PRD000578,73,PI,Piaui - Municipio 21,Nordeste,497.1,33,pecuaria,174823.63,156495.73,47246.04,5064.44
PRD000579,60,SP,Sao Paulo - Municipio 13,Sudeste,24.6,6,pecuaria,546880.39,426795.66,180660.34,95943.86
PRD000580,29,RS,Rio Grande do Sul - Municipio 31,Sul,257.8,3,pecuaria,95830.48,71112.09,247277.29,150309.57
PRD000581,64,TO,Tocantins - Municipio 8,Norte,32.9,6,pecuaria,141782.51,91892.82,327885.31,406374.45
PRD000582,46,RS,Rio Grande do Sul - Municipio 36,Sul,324.1,32,cafe,442834.56,343371.83,73322.37,71122.93
PRD000583,46,PR,Parana - Municipio 37,Sul,33.7,6,pecuaria,97993.45,74207.52,149427.0,66004.2
PRD000584,36,MT,Mato Grosso - Municipio 7,Centro-Oeste,26.8,13,cafe,141337.81,111339.67,310986.38,249417.93
PRD000585,69,MT,Mato Grosso - Municipio 3,Centro-Oeste,60.9,10,cana-de-acucar,341093.06,213734.53,178032.65,71968.1
PRD000586,35,BA,Bahia - Municipio 15,Nordeste,100.6,14,pecuaria,194815.65,132834.67,358690.86,389127.88
PRD000587,66,MT,Mato Grosso - Municipio 13,Centro-Oeste,411.9,20,pecuaria,216834.81,170706.36,97085.89,39203.27
PRD000588,40,TO,Tocantins - Municipio 10,Norte,45.2,4,milho,844483.03,599698.12,78028.39,71781.78
PRD000589,44,PR,Parana - Municipio 31,Sul,97.9,1,milho,62938.99,36862.22,179168.6,21574.48
PRD000590,33,MT,Mato Grosso - Municipio 25,Centro-Oeste,16.1,22,pecuaria,256743.31,144263.42,66470.24,60486.6
PRD000591,23,GO,Goias - Municipio 38,Centro-Oeste,75.2,29,cana-de-acucar,165867.69,96024.61,127430.27,87568.25
PRD000592,28,PI,Piaui - Municipio 21,Nordeste,49.2,7,soja,306090.54,220222.05,189170.04,144578.67
PRD000593,29,TO,Tocantins - Municipio 12,Norte,73.7,32,cana-de-acucar,257399.32,200281.18,206694.28,180491.23
PRD000594,24,RS,Rio Grande do Sul - Municipio 6,Sul,13.7,21,soja,118230.68,73560.82,46038.7,51301.51
PRD000595,66,TO,Tocantins - Municipio 21,Norte,75.6,3,cana-de-acucar,606252.0,499539.91,197503.89,152342.52
PRD000596,59,BA,Bahia - Municipio 23,Nordeste,76.3,7,algodao,243878.87,137268.9,84843.68,62791.81
PRD000597,66,RS,Rio Grande do Sul - Municipio 10,Sul,100.7,17,cana-de-acucar,87500.73,53127.1,44752.43,40082.83
PRD000598,60,PR,Parana - Municipio 16,Sul,25.6,33,soja,247005.74,149122.8,439455.4,36205.56
PRD000599,46,MS,Mato Grosso do Sul - Municipio 15,Centro-Oeste,59.1,6,cafe,155255.58,100238.99,256232.3,15970.75
PRD000600,40,GO,Goias - Municipio 36,Centro-Oeste,89.8,34,algodao,295198.0,247219.51,129282.18,119659.63
PRD000601,52,PI,Piaui - Municipio 38,Nordeste,17.6,12,milho,96887.91,86113.98,148339.63,164959.23
PRD000602,65,MS,Mato Grosso do Sul - Municipio 39,Centro-Oeste,29.7,25,cafe,222068.3,193522.44,180466.12,184420.17
PRD000603,27,SP,Sao Paulo - Municipio 20,Sudeste,137.8,18,cafe,617704.36,495067.43,283276.22,239239.25
PRD000604,52,BA,Bahia - Municipio 32,Nordeste,234.9,5,cana-de-acucar,382935.83,276670.25,107759.77,103826.18
PRD000605,74,TO,Tocantins - Municipio 34,Norte,91.3,13,pecuaria,471998.65,383444.05,34722.59,43006.9
PRD000606,54,PI,Piaui - Municipio 23,Nordeste,15.2,11,soja,1172962.47,860052.15,88612.69,97408.49
PRD000607,22,MG,Minas Gerais - Municipio 37,Sudeste,54.1,8,cafe,108410.42,91184.46,76311.11,29069.84
PRD000608,47,PR,Parana - Municipio 23,Sul,235.9,3,soja,66201.88,43324.01,58157.71,55426.74
PRD000609,36,GO,Goias - Municipio 31,Centro-Oeste,47.8,34,cafe,202869.43,120371.55,130553.71,113685.1
PRD000610,69,BA,Bahia - Municipio 28,Nordeste,31.8,12,soja,211056.57,189165.62,195353.01,43923.76
PRD000611,64,BA,Bahia - Municipio 18,Nordeste,23.6,9,soja,121233.42,104909.25,74457.97,48332.06
PRD000612,46,MG,Minas Gerais - Municipio 9,Sudeste,52.8,9,soja,81427.48,69915.12,137774.01,152078.9
PRD000613,69,GO,Goias - Municipio 1,Centro-Oeste,91.6,23,cafe,198790.11,125789.76,193298.35,245594.86
PRD000614,66,SP,Sao Paulo - Municipio 16,Sudeste,29.0,28,pecuaria,139047.52,101356.46,30516.61,34490.13
PRD000615,24,MG,Minas Gerais - Municipio 18,Sudeste,11.2,7,milho,322985.68,198124.55,169311.6,36464.6
PRD000616,49,RS,Rio Grande do Sul - Municipio 4,Sul,40.6,6,algodao,402764.11,295524.1,68506.39,8678.88
PRD000617,39,GO,Goias - Municipio 39,Centro-Oeste,33.3,23,soja,278568.27,240484.42,184346.95,74963.99
PRD000618,69,MG,Minas Gerais - Municipio 38,Sudeste,40.3,7,cana-de-acucar,376975.22,308992.37,60266.04,64035.32
PRD000619,63,PI,Piaui - Municipio 13,Nordeste,31.0,14,milho,222113.49,130431.25,208266.05,21097.07
PRD000620,57,SP,Sao Paulo - Municipio 23,Sudeste,60.9,31,algodao,262304.8,161867.6,146197.55,167592.71
PRD000621,66,SP,Sao Paulo - Municipio 9,Sudeste,68.5,28,algodao,81347.87,71257.99,133977.78,107040.49
PRD000622,33,MT,Mato Grosso - Municipio 1,Centro-Oeste,142.8,35,milho,39681.22,27159.92,252693.63,98390.75
PRD000623,57,PI,Piaui - Municipio 8,Nordeste,13.0,33,milho,165529.11,121461.23,94272.79,88175.07
PRD000624,45,PR,Parana - Municipio 21,Sul,21.7,3,soja,146120.05,125032.59,29755.92,25020.37
PRD000625,33,TO,Tocantins - Municipio 17,Norte,35.9,19,soja,158993.42,132850.57,235493.15,295905.23
PRD000626,35,TO,Tocantins - Municipio 29,Norte,343.7,7,milho,468410.16,412659.85,54666.81,44030.13
PRD000627,33,BA,Bahia - Municipio 30,Nordeste,23.3,26,milho,116046.24,93324.4,21104.31,3526.82
PRD000628,26,RS,Rio Grande do Sul - Municipio 10,Sul,21.3,12,soja,238235.58,144614.13,64210.34,51996.09
PRD000629,24,MG,Minas Gerais - Municipio 9,Sudeste,63.5,1,milho,242652.21,135218.08,886134.24,758178.8
PRD000630,50,GO,Goias - Municipio 11,Centro-Oeste,114.6,1,algodao,305161.22,243399.49,60700.19,45741.48
PRD000631,54,BA,Bahia - Municipio 27,Nordeste,52.3,35,milho,369195.26,218961.01,219046.03,92201.54
PRD000632,28,MT,Mato Grosso - Municipio 19,Centro-Oeste,47.8,19,algodao,60145.57,50400.47,70224.32,13178.97
PRD000633,31,GO,Goias - Municipio 20,Centro-Oeste,66.9,6,cana-de-acucar,660763.61,404601.23,147927.75,133030.19
PRD000634,46,MS,Mato Grosso do Sul - Municipio 29,Centro-Oeste,42.0,32,pecuaria,723959.53,417528.69,32820.88,14779.9
PRD000635,66,SP,Sao Paulo - Municipio 27,Sudeste,94.4,28,cana-de-acucar,427159.0,248459.79,105679.64,61272.01
PRD000636,55,BA,Bahia - Municipio 37,Nordeste,156.9,32,pecuaria,217880.89,160725.15,88947.83,83935.74
PRD000637,30,PR,Parana - Municipio 19,Sul,82.3,1,cafe,145204.25,86651.72,37518.76,38393.27
PRD000638,49,RS,Rio Grande do Sul - Municipio 24,Sul,173.1,27,soja,32992.29,18790.86,208907.62,17325.46
PRD000639,31,GO,Goias - Municipio 12,Centro-Oeste,71.6,11,cafe,81730.04,47211.17,34637.33,36962.85
PRD000640,32,RS,Rio Grande do Sul - Municipio 1,Sul,194.6,20,cafe,174721.4,123246.86,218364.76,58297.99
PRD000641,55,MG,Minas Gerais - Municipio 25,Sudeste,512.7,17,milho,546054.19,435900.58,117684.54,149036.04
PRD000642,74,PR,Parana - Municipio 25,Sul,46.4,26,milho,44559.57,33230.43,125107.33,106636.93
PRD000643,32,MT,Mato Grosso - Municipio 35,Centro-Oeste,205.5,13,soja,146019.51,98847.26,236993.54,82808.48
PRD000644,42,GO,Goias - Municipio 6,Centro-Oeste,119.0,13,algodao,236037.49,152057.43,202198.79,21655.65
PRD000645,69,MT,Mato Grosso - Municipio 33,Centro-Oeste,225.2,21,soja,598692.31,533343.7,181341.46,101389.5
PRD000646,62,TO,Tocantins - Municipio 6,Norte,95.5,25,pecuaria,160979.45,90646.39,30828.26,4576.18
PRD000647,49,PR,Parana - Municipio 3,Sul,152.9,11,pecuaria,224329.04,158514.95,65268.38,54129.58
PRD000648,44,MG,Minas Gerais - Municipio 6,Sudeste,99.0,6,soja,198313.44,120852.44,98614.08,75995.91
PRD000649,40,RS,Rio Grande do Sul - Municipio 26,Sul,99.8,31,cafe,79405.5,69792.7,472118.64,238108.38
PRD000650,69,PI,Piaui - Municipio 16,Nordeste,14.5,21,pecuaria,123338.21,89676.73,257916.5,220475.66
PRD000651,56,TO,Tocantins - Municipio 30,Norte,37.2,26,soja,343480.76,294004.28,190339.59,120981.91
PRD000652,39,GO,Goias - Municipio 30,Centro-Oeste,31.4,26,soja,297256.42,197691.04,125094.01,80719.95
PRD000653,49,TO,Tocantins - Municipio 31,Norte,20.0,14,milho,159067.7,120951.44,10039.12,5038.29
PRD000654,48,MT,Mato Grosso - Municipio 34,Centro-Oeste,109.1,17,milho,237472.17,136366.18,110671.11,104059.44
PRD000655,66,MS,Mato Grosso do Sul - Municipio 28,Centro-Oeste,158.7,20,algodao,107035.67,74570.19,119603.75,30003.97
PRD000656,51,PI,Piaui - Municipio 10,Nordeste,45.9,13,cafe,244481.45,218866.83,214341.78,51041.82
PRD000657,34,BA,Bahia - Municipio 27,Nordeste,40.4,1,pecuaria,642521.44,497067.91,148990.77,146328.96
PRD000658,44,TO,Tocantins - Municipio 35,Norte,157.8,14,cafe,202589.17,161009.97,194012.5,109225.84
PRD000659,64,TO,Tocantins - Municipio 28,Norte,164.4,12,pecuaria,183711.35,136582.73,58647.44,23827.57
PRD000660,36,MS,Mato Grosso do Sul - Municipio 30,Centro-Oeste,152.3,35,cana-de-acucar,83722.32,63079.05,53998.48,31092.38
PRD000661,64,MG,Minas Gerais - Municipio 17,Sudeste,159.4,30,algodao,111056.29,88438.81,106757.48,43183.99
PRD000662,68,MG,Minas Gerais - Municipio 12,Sudeste,163.0,21,cafe,546694.81,454011.49,150640.97,127343.12
PRD000663,38,BA,Bahia - Municipio 36,Nordeste,57.2,7,milho,265317.28,156916.72,158524.43,158954.8
PRD000664,36,BA,Bahia - Municipio 20,Nordeste,33.0,28,milho,66771.13,49429.69,212849.78,184254.14
PRD000665,51,TO,Tocantins - Municipio 39,Norte,372.7,25,soja,515521.45,333149.39,209296.68,37521.46
PRD000666,23,GO,Goias - Municipio 27,Centro-Oeste,25.8,12,soja,75590.52,51136.16,285548.57,189546.05
PRD000667,29,SP,Sao Paulo - Municipio 22,Sudeste,86.7,21,algodao,266216.02,161429.74,241395.29,270003.33
PRD000668,23,SP,Sao Paulo - Municipio 21,Sudeste,35.5,2,milho,217417.86,177486.1,72183.04,84686.26
PRD000669,54,PR,Parana - Municipio 26,Sul,24.7,13,milho,458391.06,340595.55,44010.36,29476.03
PRD000670,50,MS,Mato Grosso do Sul - Municipio 28,Centro-Oeste,10.9,18,cana-de-acucar,466769.36,283785.78,31177.25,18451.93
PRD000671,24,MS,Mato Grosso do Sul - Municipio 33,Centro-Oeste,199.0,25,algodao,163389.85,111249.89,161882.53,41937.5
PRD000672,26,PI,Piaui - Municipio 14,Nordeste,38.4,34,pecuaria,165561.75,101483.8,41614.04,20689.7
PRD000673,40,BA,Bahia - Municipio 39,Nordeste,22.3,8,milho,276824.86,207235.03,96844.21,12860.32
PRD000674,25,TO,Tocantins - Municipio 32,Norte,20.2,5,cafe,255517.38,201538.36,82739.99,24630.7
PRD000675,30,MT,Mato Grosso - Municipio 26,Centro-Oeste,201.9,8,soja,172429.53,130513.62,147924.66,92780.54
PRD000676,71,TO,Tocantins - Municipio 21,Norte,69.4,7,cafe,391287.3,256429.9,90805.45,13594.39
PRD000677,30,PI,Piaui - Municipio 7,Nordeste,20.1,30,algodao,194406.13,168873.83,65999.68,71399.82
PRD000678,24,MG,Minas Gerais - Municipio 8,Sudeste,34.4,24,soja,451790.03,249265.88,175020.54,201999.81
PRD000679,70,MS,Mato Grosso do Sul - Municipio 38,Centro-Oeste,20.5,25,cafe,142481.27,85234.74,125273.91,141229.88
PRD000680,38,SP,Sao Paulo - Municipio 19,Sudeste,94.0,16,pecuaria,262004.5,233635.26,53737.13,17856.21
PRD000681,59,GO,Goias - Municipio 34,Centro-Oeste,13.7,16,cana-de-acucar,409803.37,254923.08,82593.9,25672.4
PRD000682,34,BA,Bahia - Municipio 26,Nordeste,97.9,30,milho,676914.83,397336.26,100028.22,82583.05
PRD000683,23,GO,Goias - Municipio 30,Centro-Oeste,36.2,20,milho,716761.42,419823.31,125489.83,23560.59
PRD000684,45,MS,Mato Grosso do Sul - Municipio 7,Centro-Oeste,49.4,6,soja,159234.9,109700.87,115561.19,69530.37
PRD000685,25,MG,Minas Gerais - Municipio 16,Sudeste,101.5,19,soja,126381.44,81714.95,181015.04,33755.81
PRD000686,68,PR,Parana - Municipio 18,Sul,63.6,35,cafe,107004.34,82080.6,216879.81,38307.55
PRD000687,66,PR,Parana - Municipio 16,Sul,28.9,19,milho,281302.19,155022.09,253307.9,282616.87
PRD000688,65,BA,Bahia - Municipio 1,Nordeste,76.4,22,cana-de-acucar,65270.22,43529.95,73042.6,10680.39
PRD000689,28,BA,Bahia - Municipio 20,Nordeste,53.3,8,pecuaria,269630.22,169840.26,135621.76,138208.16
PRD000690,55,BA,Bahia - Municipio 39,Nordeste,41.4,35,cafe,112704.24,76357.27,47512.91,44552.69
PRD000691,58,GO,Goias - Municipio 28,Centro-Oeste,26.1,2,algodao,97047.78,60857.64,382659.44,33915.43
PRD000692,38,PR,Parana - Municipio 23,Sul,87.2,25,algodao,814259.12,704112.24,25087.31,17777.71
PRD000693,51,MG,Minas Gerais - Municipio 37,Sudeste,675.0,18,algodao,156562.07,114607.69,76504.86,45277.45
PRD000694,24,MS,Mato Grosso do Sul - Municipio 14,Centro-Oeste,98.1,19,algodao,309547.87,203148.83,31212.57,2168.98
PRD000695,54,PI,Piaui - Municipio 36,Nordeste,17.5,1,milho,155393.97,85501.58,78825.8,31852.08
PRD000696,47,GO,Goias - Municipio 7,Centro-Oeste,80.2,13,algodao,73257.62,47747.9,45586.59,24288.58
PRD000697,57,MS,Mato Grosso do Sul - Municipio 13,Centro-Oeste,65.4,28,algodao,272974.09,205374.4,182462.28,40071.17
PRD000698,42,MS,Mato Grosso do Sul - Municipio 33,Centro-Oeste,12.5,30,pecuaria,217117.72,185977.07,120505.85,72589.91
PRD000699,58,BA,Bahia - Municipio 19,Nordeste,50.1,27,soja,556057.16,483433.54,158870.8,131245.1
PRD000700,28,MG,Minas Gerais - Municipio 19,Sudeste,9.5,30,cana-de-acucar,188996.74,107566.07,485599.75,226704.34
PRD000701,31,SP,Sao Paulo - Municipio 20,Sudeste,477.6,8,pecuaria,482599.04,390315.1,132151.04,118222.45
PRD000702,50,MS,Mato Grosso do Sul - Municipio 26,Centro-Oeste,191.3,13,soja,229074.36,133757.04,61625.45,67227.7
PRD000703,62,GO,Goias - Municipio 2,Centro-Oeste,30.0,12,milho,272293.33,214692.99,483148.7,285271.34
PRD000704,59,RS,Rio Grande do Sul - Municipio 32,Sul,229.5,11,algodao,208154.61,129081.43,128318.56,22458.91
PRD000705,59,MS,Mato Grosso do Sul - Municipio 20,Centro-Oeste,31.3,7,soja,157624.51,94867.62,95052.35,51022.84
PRD000706,44,PI,Piaui - Municipio 34,Nordeste,21.5,23,cafe,564940.62,453688.47,34397.63,23356.23
PRD000707,26,TO,Tocantins - Municipio 31,Norte,24.2,22,cafe,140889.98,84395.04,418743.88,504312.59
PRD000708,24,SP,Sao Paulo - Municipio 2,Sudeste,66.6,33,pecuaria,399066.36,237563.28,77265.0,42860.23
PRD000709,33,RS,Rio Grande do Sul - Municipio 25,Sul,15.8,32,cafe,538172.42,439131.61,202451.72,237828.72
PRD000710,46,GO,Goias - Municipio 9,Centro-Oeste,22.1,3,pecuaria,444078.32,374907.69,313733.4,289703.67
PRD000711,62,PI,Piaui - Municipio 7,Nordeste,60.8,32,milho,178955.73,111027.26,225141.61,175077.98
PRD000712,74,MT,Mato Grosso - Municipio 31,Centro-Oeste,37.9,35,cana-de-acucar,386121.31,304582.69,139764.14,43235.12
PRD000713,55,BA,Bahia - Municipio 20,Nordeste,6.0,9,soja,379060.85,291465.48,438566.32,91656.19
PRD000714,26,GO,Goias - Municipio 11,Centro-Oeste,54.5,35,algodao,153022.33,134539.7,288988.66,268496.95
PRD000715,38,GO,Goias - Municipio 2,Centro-Oeste,58.6,34,soja,560839.53,386826.1,48557.54,58110.71
PRD000716,58,BA,Bahia - Municipio 40,Nordeste,46.9,4,pecuaria,76389.19,61635.03,262805.82,37092.38
PRD000717,24,MT,Mato Grosso - Municipio 7,Centro-Oeste,42.3,27,soja,269441.99,155793.44,499661.61,193936.41
PRD000718,65,SP,Sao Paulo - Municipio 2,Sudeste,56.5,28,cana-de-acucar,175751.43,150576.34,45977.42,24103.0
PRD000719,43,SP,Sao Paulo - Municipio 28,Sudeste,92.7,28,soja,212622.29,125723.01,690860.77,338339.65
PRD000720,68,PR,Parana - Municipio 16,Sul,20.0,15,soja,130362.74,108554.0,140377.5,147706.45
PRD000721,52,GO,Goias - Municipio 8,Centro-Oeste,16.1,19,pecuaria,85601.37,66711.13,81140.82,65533.77
PRD000722,39,GO,Goias - Municipio 21,Centro-Oeste,11.7,23,pecuaria,180370.22,122367.99,228304.18,81106.71
PRD000723,36,TO,Tocantins - Municipio 20,Norte,54.9,27,pecuaria,381794.42,247373.9,83157.68,105603.85
PRD000724,27,TO,Tocantins - Municipio 4,Norte,26.8,10,algodao,146657.96,129581.95,61969.05,26368.83
PRD000725,41,PI,Piaui - Municipio 3,Nordeste,45.5,25,cana-de-acucar,171967.01,106964.43,62238.37,7177.61
PRD000726,49,BA,Bahia - Municipio 4,Nordeste,98.7,17,soja,494260.41,402841.15,37110.37,21991.42
PRD000727,69,TO,Tocantins - Municipio 16,Norte,29.4,19,milho,179414.16,134364.35,137447.12,72381.55
PRD000728,45,MT,Mato Grosso - Municipio 18,Centro-Oeste,18.8,18,pecuaria,102379.13,75758.67,92197.69,75549.93
PRD000729,50,MS,Mato Grosso do Sul - Municipio 1,Centro-Oeste,543.6,1,cafe,69883.39,46287.0,89900.59,56494.01
PRD000730,50,MT,Mato Grosso - Municipio 12,Centro-Oeste,217.9,14,algodao,153118.3,88478.09,449021.08,557512.03
PRD000731,67,MS,Mato Grosso do Sul - Municipio 15,Centro-Oeste,26.2,15,soja,238821.43,183004.62,432751.48,44333.0
PRD000732,45,MS,Mato Grosso do Sul - Municipio 27,Centro-Oeste,58.3,16,soja,163470.72,115301.53,135923.74,62149.27
PRD000733,40,MG,Minas Gerais - Municipio 40,Sudeste,107.5,21,soja,242995.45,216578.1,318770.59,391481.98
PRD000734,44,RS,Rio Grande do Sul - Municipio 14,Sul,41.0,10,cafe,393211.82,286564.38,291787.47,226677.47
PRD000735,42,PI,Piaui - Municipio 18,Nordeste,130.0,33,milho,365631.71,216612.96,205110.36,143663.4
PRD000736,48,PI,Piaui - Municipio 24,Nordeste,35.8,16,soja,124039.15,110436.88,214796.0,267852.91
PRD000737,30,BA,Bahia - Municipio 35,Nordeste,60.4,24,milho,316921.07,224107.19,102887.51,111476.55
PRD000738,53,MG,Minas Gerais - Municipio 13,Sudeste,122.1,17,milho,340985.32,201620.33,103394.21,24349.15
PRD000739,30,SP,Sao Paulo - Municipio 33,Sudeste,24.0,31,cana-de-acucar,277570.87,155974.42,98354.99,126623.87
PRD000740,60,MG,Minas Gerais - Municipio 40,Sudeste,143.6,26,soja,271509.92,177211.04,37132.95,17482.22
PRD000741,54,MT,Mato Grosso - Municipio 6,Centro-Oeste,119.0,28,milho,122527.35,73162.54,20822.17,24891.39
PRD000742,41,MT,Mato Grosso - Municipio 32,Centro-Oeste,68.7,30,algodao,153580.59,111811.82,1189050.28,203474.15
PRD000743,74,MT,Mato Grosso - Municipio 14,Centro-Oeste,143.2,33,cafe,408679.88,270946.6,98414.42,22536.48
PRD000744,60,TO,Tocantins - Municipio 7,Norte,35.2,11,milho,105786.77,74433.78,280206.81,335440.15
PRD000745,75,MS,Mato Grosso do Sul - Municipio 30,Centro-Oeste,27.1,33,algodao,252193.61,139294.8,191866.85,134521.18
PRD000746,54,GO,Goias - Municipio 22,Centro-Oeste,54.0,9,algodao,97473.72,56307.98,583343.58,267693.24
PRD000747,42,SP,Sao Paulo - Municipio 13,Sudeste,82.6,5,cana-de-acucar,285631.12,249543.2,34477.62,35951.43
PRD000748,34,MT,Mato Grosso - Municipio 6,Centro-Oeste,21.1,15,cana-de-acucar,263901.67,159133.13,671138.34,270636.26
PRD000749,41,PR,Parana - Municipio 15,Sul,61.1,12,algodao,287507.2,181747.83,85628.55,106429.35
PRD000750,37,SP,Sao Paulo - Municipio 28,Sudeste,52.4,23,soja,214055.87,134132.91,248724.69,151464.91
PRD000751,23,RS,Rio Grande do Sul - Municipio 19,Sul,50.4,8,algodao,146664.75,87239.16,466144.32,423737.97
PRD000752,39,TO,Tocantins - Municipio 32,Norte,39.6,21,pecuaria,130674.92,89771.38,116717.68,138947.84
PRD000753,61,PR,Parana - Municipio 40,Sul,14.0,20,algodao,183367.3,157048.17,166742.06,31329.92
PRD000754,45,RS,Rio Grande do Sul - Municipio 35,Sul,64.4,2,milho,296317.27,236062.84,164451.87,114838.59
PRD000755,22,RS,Rio Grande do Sul - Municipio 3,Sul,129.5,15,soja,147200.14,100222.39,102142.78,36861.25
PRD000756,69,TO,Tocantins - Municipio 8,Norte,19.7,32,cafe,92346.13,51573.98,237711.93,21922.39
PRD000757,59,MG,Minas Gerais - Municipio 26,Sudeste,37.0,5,milho,202453.22,163263.05,270029.59,45755.39
PRD000758,27,PI,Piaui - Municipio 15,Nordeste,34.8,20,cafe,141449.03,90880.22,199817.56,82734.12
PRD000759,58,TO,Tocantins - Municipio 2,Norte,33.9,35,cafe,201354.17,180736.29,471262.67,289985.8
PRD000760,61,PR,Parana - Municipio 31,Sul,46.7,7,cana-de-acucar,257021.15,214198.41,130791.12,29645.53
PRD000761,48,PI,Piaui - Municipio 1,Nordeste,83.7,32,algodao,128992.91,86200.02,65732.04,49735.52
PRD000762,69,PR,Parana - Municipio 6,Sul,371.7,35,soja,197705.08,125050.2,120265.78,89418.7
PRD000763,73,MG,Minas Gerais - Municipio 34,Sudeste,89.4,1,cafe,39687.94,24136.97,44417.36,11699.65
PRD000764,40,RS,Rio Grande do Sul - Municipio 34,Sul,127.6,26,pecuaria,371919.5,246521.32,453912.81,116851.72
PRD000765,55,PR,Parana - Municipio 31,Sul,33.0,31,soja,98843.01,86436.02,1031757.16,226134.4
PRD000766,60,BA,Bahia - Municipio 11,Nordeste,46.9,5,soja,268911.96,156734.46,125144.89,104022.43
PRD000767,47,BA,Bahia - Municipio 17,Nordeste,331.8,23,cana-de-acucar,1698056.45,1097119.73,157468.5,130797.46
PRD000768,63,TO,Tocantins - Municipio 25,Norte,71.8,10,algodao,108177.4,66249.34,147273.12,103517.87
PRD000769,22,PI,Piaui - Municipio 21,Nordeste,152.9,18,soja,920949.69,573988.66,160189.6,103214.97
PRD000770,41,MT,Mato Grosso - Municipio 34,Centro-Oeste,43.9,20,algodao,198890.62,148382.51,101313.02,65154.15
PRD000771,65,TO,Tocantins - Municipio 8,Norte,10.5,14,cana-de-acucar,796421.71,672145.39,156811.35,162488.91
PRD000772,22,MG,Minas Gerais - Municipio 13,Sudeste,72.7,24,cafe,144187.98,110439.48,67663.38,82311.86
PRD000773,47,BA,Bahia - Municipio 3,Nordeste,56.8,20,pecuaria,542677.58,300940.81,55105.98,46955.4
PRD000774,23,MS,Mato Grosso do Sul - Municipio 40,Centro-Oeste,37.7,2,pecuaria,194440.02,166484.97,794846.12,77689.84
PRD000775,34,RS,Rio Grande do Sul - Municipio 40,Sul,80.3,9,pecuaria,87460.48,69855.28,22158.85,8793.69
PRD000776,64,MT,Mato Grosso - Municipio 26,Centro-Oeste,24.8,21,cafe,353243.38,316221.57,215572.45,14597.28
PRD000777,41,MT,Mato Grosso - Municipio 18,Centro-Oeste,55.1,6,cana-de-acucar,302151.41,209462.85,431993.52,529780.62
PRD000778,71,BA,Bahia - Municipio 11,Nordeste,18.1,6,soja,230502.66,136155.98,46389.47,58321.17
PRD000779,40,PR,Parana - Municipio 12,Sul,81.0,16,algodao,96437.29,84858.07,214044.77,112189.01
PRD000780,44,RS,Rio Grande do Sul - Municipio 38,Sul,64.8,13,algodao,141390.72,126226.19,73914.09,12233.9
PRD000781,72,BA,Bahia - Municipio 19,Nordeste,131.9,11,milho,147692.03,92120.24,203799.12,216767.96
PRD000782,30,BA,Bahia - Municipio 30,Nordeste,101.6,18,cana-de-acucar,115213.5,64635.56,28416.28,8042.71
PRD000783,43,BA,Bahia - Municipio 7,Nordeste,39.8,3,milho,156650.12,105834.3,256333.44,165173.55
PRD000784,52,BA,Bahia - Municipio 16,Nordeste,31.2,12,algodao,340964.3,261115.34,202880.26,195514.4
PRD000785,41,BA,Bahia - Municipio 39,Nordeste,73.8,26,pecuaria,527744.12,368019.77,115818.94,79944.65
PRD000786,33,TO,Tocantins - Municipio 20,Norte,85.4,22,algodao,102903.85,70859.37,113727.37,34176.0
PRD000787,65,GO,Goias - Municipio 26,Centro-Oeste,38.3,10,pecuaria,836744.93,569815.13,127077.18,81138.89
PRD000788,65,PR,Parana - Municipio 28,Sul,311.5,7,cana-de-acucar,163070.18,143068.29,108640.83,43890.16
PRD000789,61,MG,Minas Gerais - Municipio 39,Sudeste,59.2,2,cafe,84650.66,69307.34,101511.98,109536.27
PRD000790,41,GO,Goias - Municipio 25,Centro-Oeste,70.9,13,pecuaria,90760.02,52867.5,109753.61,26169.04
PRD000791,73,SP,Sao Paulo - Municipio 1,Sudeste,47.3,34,milho,420885.1,243660.56,177048.26,199725.15
PRD000792,73,BA,Bahia - Municipio 29,Nordeste,17.1,30,cana-de-acucar,283192.38,161158.82,89396.74,17427.72
PRD000793,61,BA,Bahia - Municipio 30,Nordeste,246.3,35,cafe,101758.26,83020.88,195601.06,135672.88
PRD000794,71,MT,Mato Grosso - Municipio 2,Centro-Oeste,51.6,32,cana-de-acucar,189046.84,143631.15,97504.35,87144.06
PRD000795,56,MS,Mato Grosso do Sul - Municipio 7,Centro-Oeste,25.2,2,milho,181495.1,102084.69,143067.86,38491.27
PRD000796,24,RS,Rio Grande do Sul - Municipio 10,Sul,78.3,18,cana-de-acucar,141126.83,108108.01,147090.96,67402.31
PRD000797,29,GO,Goias - Municipio 13,Centro-Oeste,106.3,2,cana-de-acucar,44406.87,35639.08,191328.4,227763.7
PRD000798,39,MS,Mato Grosso do Sul - Municipio 33,Centro-Oeste,73.2,4,pecuaria,149263.45,121836.54,94668.03,96834.62
PRD000799,60,MT,Mato Grosso - Municipio 21,Centro-Oeste,326.9,19,soja,125431.72,69809.23,116411.19,44680.55
PRD000800,43,PR,Parana - Municipio 35,Sul,12.7,15,cafe,95257.81,76131.16,395919.67,333944.71
